"id","url","buildingType","buildingSubtype","rawPrice","address.country","address.district","address.neighborhood","address.zipCode","address.municipality","address.province","address.city","address.cityZone","address.county","address.regionLevel1","address.regionLevel2","address.upperLevel","latitude","longitude","rooms","surface","bathrooms","elevator","balcony"
184752240,"https://www.fotocasa.es/es/alquiler/vivienda/valencia-capital/aire-acondicionado-calefaccion-ascensor-no-amueblado/184752240/d","Flat","Flat",1350,"España","Ciutat Vella ","El Carme","46001"," Valencia Capital","Valencia"," Valencia Capital",NA,"Valencia, Zona de ","Comunitat Valenciana","Valencia","El Carme",39.4759123552597,-0.383486845922124,4,140,2,13,32
185102613,"https://www.fotocasa.es/es/alquiler/vivienda/valencia-capital/el-carme/185102613/d","Flat","Flat",1600,"España","Ciutat Vella ","El Carme","46003"," Valencia Capital","Valencia"," Valencia Capital",NA,"Valencia, Zona de ","Comunitat Valenciana","Valencia","El Carme",39.4771381,-0.3804932,4,80,2,NA,NA
185136967,"https://www.fotocasa.es/es/alquiler/vivienda/valencia-capital/aire-acondicionado-terraza-amueblado/185136967/d","Flat","Flat",2500,"España","Ciutat Vella ","El Carme","46003"," Valencia Capital","Valencia"," Valencia Capital",NA,"Valencia, Zona de ","Comunitat Valenciana","Valencia","El Carme",39.4777059254689,-0.379316995825335,2,102,2,NA,NA
185156738,"https://www.fotocasa.es/es/alquiler/vivienda/valencia-capital/ascensor-amueblado/185156738/d","Flat","Flat",950,"España","Ciutat Vella ","El Carme","46003"," Valencia Capital","Valencia"," Valencia Capital",NA,"Valencia, Zona de ","Comunitat Valenciana","Valencia","El Carme",39.4791370160602,-0.381995726778749,1,55,1,13,32
185102679,"https://www.fotocasa.es/es/alquiler/vivienda/valencia-capital/aire-acondicionado-calefaccion-terraza-ascensor-amueblado/185102679/d","Flat","Flat",1100,"España","Ciutat Vella ","El Carme","46003"," Valencia Capital","Valencia"," Valencia Capital",NA,"Valencia, Zona de ","Comunitat Valenciana","Valencia","El Carme",39.4792705736735,-0.382193355771765,1,50,1,13,NA
183799659,"https://www.fotocasa.es/es/alquiler/vivienda/valencia-capital/calefaccion/183799659/d","Flat","Flat",1800,"España","Ciutat Vella ","El Carme","46003"," Valencia Capital","Valencia"," Valencia Capital",NA,"Valencia, Zona de ","Comunitat Valenciana","Valencia","El Carme",39.4776961003579,-0.380864369669107,4,102,1,NA,32
184834712,"https://www.fotocasa.es/es/alquiler/vivienda/valencia-capital/aire-acondicionado-calefaccion-terraza-ascensor/184834712/d","Flat","Attic",1600,"España","Ciutat Vella ","El Carme","46003"," Valencia Capital","Valencia"," Valencia Capital",NA,"Valencia, Zona de ","Comunitat Valenciana","Valencia","El Carme",39.4773358917177,-0.377129340360974,1,57,1,13,32
183809862,"https://www.fotocasa.es/es/alquiler/vivienda/valencia-capital/calefaccion-ascensor/183809862/d","Flat","Flat",2350,"España","Ciutat Vella ","El Carme","46003"," Valencia Capital","Valencia"," Valencia Capital",NA,"Valencia, Zona de ","Comunitat Valenciana","Valencia","El Carme",39.4778608341625,-0.380752201446198,4,102,2,13,32
184772259,"https://www.fotocasa.es/es/alquiler/vivienda/valencia-capital/aire-acondicionado-calefaccion-terraza-television/184772259/d","Flat","Attic",1575,"España","Ciutat Vella ","El Carme","46003"," Valencia Capital","Valencia"," Valencia Capital",NA,"Valencia, Zona de ","Comunitat Valenciana","Valencia","El Carme",39.4778509183502,-0.381792842323202,2,80,2,NA,32
183426702,"https://www.fotocasa.es/es/alquiler/vivienda/valencia-capital/aire-acondicionado-calefaccion-terraza-ascensor/183426702/d","Flat","Attic",1750,"España","Ciutat Vella ","El Carme","46003"," Valencia Capital","Valencia"," Valencia Capital",NA,"Valencia, Zona de ","Comunitat Valenciana","Valencia","El Carme",39.477080744598,-0.376944487067838,1,57,1,13,32
184217834,"https://www.fotocasa.es/es/alquiler/vivienda/valencia-capital/calefaccion-ascensor-amueblado-television/184217834/d","Flat","Flat",1200,"España","Ciutat Vella ","El Carme","46003"," Valencia Capital","Valencia"," Valencia Capital",NA,"Valencia, Zona de ","Comunitat Valenciana","Valencia","El Carme",39.4777321779509,-0.380161538816199,2,74,1,13,32
185114568,"https://www.fotocasa.es/es/alquiler/vivienda/valencia-capital/aire-acondicionado-calefaccion-trastero-ascensor/185114568/d","Flat","Flat",1200,"España","Ciutat Vella ","El Carme","46003"," Valencia Capital","Valencia"," Valencia Capital",NA,"Valencia, Zona de ","Comunitat Valenciana","Valencia","El Carme",39.4771974829058,-0.375810632411366,2,85,2,13,NA
185142343,"https://www.fotocasa.es/es/alquiler/vivienda/valencia-capital/aire-acondicionado-ascensor-amueblado/185142343/d","Flat","Flat",1200,"España","Ciutat Vella ","El Carme","46003"," Valencia Capital","Valencia"," Valencia Capital",NA,"Valencia, Zona de ","Comunitat Valenciana","Valencia","El Carme",39.476449654768,-0.382394721138224,2,78,1,13,32
183102906,"https://www.fotocasa.es/es/alquiler/vivienda/valencia-capital/aire-acondicionado-calefaccion-amueblado-se-aceptan-mascotas/183102906/d","Flat","Flat",1210,"España","Ciutat Vella ","El Carme","46003"," Valencia Capital","Valencia"," Valencia Capital",NA,"Valencia, Zona de ","Comunitat Valenciana","Valencia","El Carme",39.4765009151598,-0.380467285564095,1,35,1,NA,32
184818733,"https://www.fotocasa.es/es/alquiler/vivienda/valencia-capital/aire-acondicionado-calefaccion-amueblado-se-aceptan-mascotas/184818733/d","Flat","Flat",1500,"España","Ciutat Vella ","El Carme","46003"," Valencia Capital","Valencia"," Valencia Capital",NA,"Valencia, Zona de ","Comunitat Valenciana","Valencia","El Carme",39.4780675913169,-0.377737517348856,1,75,1,NA,32
184263266,"https://www.fotocasa.es/es/alquiler/vivienda/valencia-capital/aire-acondicionado-calefaccion-trastero-ascensor/184263266/d","Flat","Apartment",2500,"España","Ciutat Vella ","El Carme","46003"," Valencia Capital","Valencia"," Valencia Capital",NA,"Valencia, Zona de ","Comunitat Valenciana","Valencia","El Carme",39.476842468031,-0.380466850177633,3,110,2,13,32
183809552,"https://www.fotocasa.es/es/alquiler/vivienda/valencia-capital/calefaccion/183809552/d","Flat","Flat",2350,"España","Ciutat Vella ","El Carme","46003"," Valencia Capital","Valencia"," Valencia Capital",NA,"Valencia, Zona de ","Comunitat Valenciana","Valencia","El Carme",39.4779159854141,-0.380916406315328,4,102,2,NA,32
183463771,"https://www.fotocasa.es/es/alquiler/vivienda/valencia-capital/aire-acondicionado-calefaccion-ascensor-amueblado/183463771/d","Flat","Flat",4300,"España","Ciutat Vella ","El Carme","46003"," Valencia Capital","Valencia"," Valencia Capital",NA,"Valencia, Zona de ","Comunitat Valenciana","Valencia","El Carme",39.4786384257308,-0.376255159986229,4,176,2,13,NA
185083650,"https://www.fotocasa.es/es/alquiler/vivienda/valencia-capital/aire-acondicionado-calefaccion-ascensor-patio-no-amueblado/185083650/d","Flat","Flat",1200,"España","Ciutat Vella ","El Carme","46003"," Valencia Capital","Valencia"," Valencia Capital",NA,"Valencia, Zona de ","Comunitat Valenciana","Valencia","El Carme",39.4803224687398,-0.374705707401786,2,84,1,13,32
185080514,"https://www.fotocasa.es/es/alquiler/vivienda/valencia-capital/aire-acondicionado-calefaccion/185080514/d","Flat","Flat",1200,"España","Ciutat Vella ","El Carme","46003"," Valencia Capital","Valencia"," Valencia Capital",NA,"Valencia, Zona de ","Comunitat Valenciana","Valencia","El Carme",39.474833218302,-0.381521958737409,2,84,1,NA,32
184858168,"https://www.fotocasa.es/es/alquiler/vivienda/valencia-capital/calefaccion-ascensor/184858168/d","Flat","Flat",1200,"España","Ciutat Vella ","El Carme","46003"," Valencia Capital","Valencia"," Valencia Capital",NA,"Valencia, Zona de ","Comunitat Valenciana","Valencia","El Carme",39.4794500998331,-0.380425031880095,2,74,1,13,32
184833472,"https://www.fotocasa.es/es/alquiler/vivienda/valencia-capital/aire-acondicionado-amueblado-internet/184833472/d","Flat","Apartment",1200,"España","Ciutat Vella ","El Carme","46003"," Valencia Capital","Valencia"," Valencia Capital",NA,"Valencia, Zona de ","Comunitat Valenciana","Valencia","El Carme",39.4774145034132,-0.380837961982216,1,92,1,NA,NA
185165142,"https://www.fotocasa.es/es/alquiler/vivienda/valencia-capital/ascensor-no-amueblado/185165142/d","Flat","Flat",1200,"España","Ciutat Vella ","El Carme","46003"," Valencia Capital","Valencia"," Valencia Capital",NA,"Valencia, Zona de ","Comunitat Valenciana","Valencia","El Carme",39.4776649981712,-0.380117378435542,2,70,1,13,NA
185136397,"https://www.fotocasa.es/es/alquiler/vivienda/valencia-capital/aire-acondicionado-amueblado/185136397/d","Flat","Apartment",1500,"España","Ciutat Vella ","El Carme","46003"," Valencia Capital","Valencia"," Valencia Capital",NA,"Valencia, Zona de ","Comunitat Valenciana","Valencia","El Carme",39.4809431834117,-0.375664339778668,1,48,1,NA,32
184490628,"https://www.fotocasa.es/es/alquiler/vivienda/valencia-capital/aire-acondicionado-ascensor-no-amueblado/184490628/d","Flat","Apartment",1400,"España","Ciutat Vella ","El Carme","46003"," Valencia Capital","Valencia"," Valencia Capital",NA,"Valencia, Zona de ","Comunitat Valenciana","Valencia","El Carme",39.4771748717525,-0.381974066671268,2,70,1,13,32
185040102,"https://www.fotocasa.es/es/alquiler/vivienda/valencia-capital/aire-acondicionado-calefaccion/185040102/d","Flat","Apartment",2000,"España","Ciutat Vella ","El Carme","46003"," Valencia Capital","Valencia"," Valencia Capital",NA,"Valencia, Zona de ","Comunitat Valenciana","Valencia","El Carme",39.4783556959369,-0.382102768010546,2,75,1,NA,32
185049484,"https://www.fotocasa.es/es/alquiler/vivienda/valencia-capital/aire-acondicionado-calefaccion-amueblado/185049484/d","Flat","Study",1100,"España","Ciutat Vella ","El Carme","46003"," Valencia Capital","Valencia"," Valencia Capital",NA,"Valencia, Zona de ","Comunitat Valenciana","Valencia","El Carme",39.4789666062239,-0.375704001941513,1,38,1,NA,32
184852277,"https://www.fotocasa.es/es/alquiler/vivienda/valencia-capital/aire-acondicionado-calefaccion/184852277/d","Flat","Apartment",1300,"España","Ciutat Vella ","El Carme","46003"," Valencia Capital","Valencia"," Valencia Capital",NA,"Valencia, Zona de ","Comunitat Valenciana","Valencia","El Carme",39.480273437432,-0.381126987221169,2,55,1,NA,NA
183941363,"https://www.fotocasa.es/es/alquiler/vivienda/valencia-capital/aire-acondicionado-calefaccion-terraza-ascensor-amueblado/183941363/d","Flat","Flat",2600,"España","Ciutat Vella ","El Carme","46003"," Valencia Capital","Valencia"," Valencia Capital",NA,"Valencia, Zona de ","Comunitat Valenciana","Valencia","El Carme",39.4801149583781,-0.379803601681167,3,95,2,13,32
185099828,"https://www.fotocasa.es/es/alquiler/vivienda/valencia-capital/aire-acondicionado-calefaccion-amueblado/185099828/d","Flat","Apartment",1200,"España","Ciutat Vella ","El Carme","46003"," Valencia Capital","Valencia"," Valencia Capital",NA,"Valencia, Zona de ","Comunitat Valenciana","Valencia","El Carme",39.4798818124647,-0.380657403697065,1,50,1,NA,NA
185117544,"https://www.fotocasa.es/es/alquiler/vivienda/valencia-capital/ascensor-no-amueblado/185117544/d","Flat","Apartment",1700,"España","Ciutat Vella ","El Carme","46003"," Valencia Capital","Valencia"," Valencia Capital",NA,"Valencia, Zona de ","Comunitat Valenciana","Valencia","El Carme",39.4773277854398,-0.383032837056372,3,125,2,13,32
185114573,"https://www.fotocasa.es/es/alquiler/vivienda/valencia-capital/aire-acondicionado-calefaccion-ascensor-amueblado/185114573/d","Flat","Flat",1200,"España","Ciutat Vella ","El Carme","46003"," Valencia Capital","Valencia"," Valencia Capital",NA,"Valencia, Zona de ","Comunitat Valenciana","Valencia","El Carme",39.4771068668828,-0.376202457054047,2,90,2,13,NA
184241696,"https://www.fotocasa.es/es/alquiler/vivienda/valencia-capital/aire-acondicionado-calefaccion-parking-terraza-ascensor/184241696/d","Flat","Apartment",6000,"España","Ciutat Vella ","El Carme","46001"," Valencia Capital","Valencia"," Valencia Capital",NA,"Valencia, Zona de ","Comunitat Valenciana","Valencia","El Carme",39.4782131028099,-0.38206510269492,4,380,4,13,32
184964374,"https://www.fotocasa.es/es/alquiler/vivienda/valencia-capital/aire-acondicionado-amueblado/184964374/d","Flat","Loft",1300,"España","Ciutat Vella ","El Carme","46003"," Valencia Capital","Valencia"," Valencia Capital",NA,"Valencia, Zona de ","Comunitat Valenciana","Valencia","El Carme",39.4797618149818,-0.377222700334736,NA,40,1,NA,NA
183103594,"https://www.fotocasa.es/es/alquiler/vivienda/valencia-capital/aire-acondicionado-calefaccion-amueblado-se-aceptan-mascotas/183103594/d","Flat","Flat",1800,"España","Ciutat Vella ","El Carme","46003"," Valencia Capital","Valencia"," Valencia Capital",NA,"Valencia, Zona de ","Comunitat Valenciana","Valencia","El Carme",39.477128183334,-0.379644371142679,2,85,1,NA,32
176787252,"https://www.fotocasa.es/es/alquiler/vivienda/valencia-capital/aire-acondicionado-calefaccion-amueblado/176787252/d","Flat","Flat",1250,"España","Ciutat Vella ","El Carme","46003"," Valencia Capital","Valencia"," Valencia Capital",NA,"Valencia, Zona de ","Comunitat Valenciana","Valencia","El Carme",39.4761680710393,-0.37963800853914,1,35,1,NA,32
185105860,"https://www.fotocasa.es/es/alquiler/vivienda/valencia-capital/calefaccion-ascensor-amueblado-internet/185105860/d","Flat","Apartment",1600,"España","Ciutat Vella ","El Carme","46003"," Valencia Capital","Valencia"," Valencia Capital",NA,"Valencia, Zona de ","Comunitat Valenciana","Valencia","El Carme",39.4785500446918,-0.381327055092655,4,80,1,13,NA
184208475,"https://www.fotocasa.es/es/alquiler/vivienda/valencia-capital/calefaccion-ascensor-amueblado/184208475/d","Flat","Flat",1200,"España","Ciutat Vella ","El Carme","46003"," Valencia Capital","Valencia"," Valencia Capital",NA,"Valencia, Zona de ","Comunitat Valenciana","Valencia","El Carme",39.477933655061,-0.380507195288821,2,74,1,13,NA
185135335,"https://www.fotocasa.es/es/alquiler/vivienda/valencia-capital/aire-acondicionado-calefaccion-ascensor-amueblado/185135335/d","Flat","Flat",1200,"España","Ciutat Vella ","El Carme","46003"," Valencia Capital","Valencia"," Valencia Capital",NA,"Valencia, Zona de ","Comunitat Valenciana","Valencia","El Carme",39.4757842398118,-0.378311403222472,2,70,1,13,32
184964452,"https://www.fotocasa.es/es/alquiler/vivienda/valencia-capital/aire-acondicionado-calefaccion-ascensor/184964452/d","Flat","Apartment",1300,"España","Ciutat Vella ","El Carme","46001"," Valencia Capital","Valencia"," Valencia Capital",NA,"Valencia, Zona de ","Comunitat Valenciana","Valencia","El Carme",39.4762714577044,-0.380471985178775,1,52,1,13,32
185008911,"https://www.fotocasa.es/es/alquiler/vivienda/valencia-capital/aire-acondicionado/185008911/d","Flat","Apartment",1650,"España","Ciutat Vella ","El Carme","46003"," Valencia Capital","Valencia"," Valencia Capital",NA,"Valencia, Zona de ","Comunitat Valenciana","Valencia","El Carme",39.4781269615213,-0.37754968655467,2,90,1,NA,NA
185037081,"https://www.fotocasa.es/es/alquiler/vivienda/valencia-capital/aire-acondicionado-se-aceptan-mascotas/185037081/d","Flat","Apartment",1300,"España","Ciutat Vella ","El Carme","46001"," Valencia Capital","Valencia"," Valencia Capital",NA,"Valencia, Zona de ","Comunitat Valenciana","Valencia","El Carme",39.4755922161711,-0.378980564260769,1,52,1,NA,NA
184273039,"https://www.fotocasa.es/es/alquiler/vivienda/valencia-capital/ascensor/184273039/d","Flat","Apartment",2000,"España","Ciutat Vella ","El Carme","46003"," Valencia Capital","Valencia"," Valencia Capital",NA,"Valencia, Zona de ","Comunitat Valenciana","Valencia","El Carme",39.4782813796312,-0.382018840299599,4,98,2,13,32
185060017,"https://www.fotocasa.es/es/alquiler/vivienda/valencia-capital/aire-acondicionado-amueblado/185060017/d","Flat","GroundFloorWithGarden",1100,"España","Ciutat Vella ","El Carme","46003"," Valencia Capital","Valencia"," Valencia Capital",NA,"Valencia, Zona de ","Comunitat Valenciana","Valencia","El Carme",39.4776035682413,-0.383588295178045,1,65,2,NA,NA
184093182,"https://www.fotocasa.es/es/alquiler/vivienda/valencia-capital/aire-acondicionado-parking-terraza-patio/184093182/d","Flat","House_Chalet",2600,"España","Ciutat Vella ","El Carme","46003"," Valencia Capital","Valencia"," Valencia Capital",NA,"Valencia, Zona de ","Comunitat Valenciana","Valencia","El Carme",39.480306600335,-0.379841354699168,3,121,3,NA,NA
179463071,"https://www.fotocasa.es/es/alquiler/vivienda/valencia-capital/aire-acondicionado-calefaccion-ascensor-amueblado/179463071/d","Flat","Flat",1600,"España","Ciutat Vella ","El Carme","46003"," Valencia Capital","Valencia"," Valencia Capital",NA,"Valencia, Zona de ","Comunitat Valenciana","Valencia","El Carme",39.4781541427742,-0.378740001864804,3,90,2,13,32
179441114,"https://www.fotocasa.es/es/alquiler/vivienda/valencia-capital/aire-acondicionado-calefaccion-ascensor-amueblado/179441114/d","Flat","Flat",1350,"España","Ciutat Vella ","El Carme","46003"," Valencia Capital","Valencia"," Valencia Capital",NA,"Valencia, Zona de ","Comunitat Valenciana","Valencia","El Carme",39.478735496649,-0.382699140969522,2,80,1,13,32
184735263,"https://www.fotocasa.es/es/alquiler/vivienda/valencia-capital/calefaccion-television-internet/184735263/d","Flat","Flat",2150,"España","Ciutat Vella ","El Carme","46003"," Valencia Capital","Valencia"," Valencia Capital",NA,"Valencia, Zona de ","Comunitat Valenciana","Valencia","El Carme",39.4792438933719,-0.378503314284749,3,90,NA,NA,NA
183062686,"https://www.fotocasa.es/es/alquiler/vivienda/valencia-capital/aire-acondicionado-calefaccion-amueblado-television-internet/183062686/d","Flat","Apartment",1250,"España","Ciutat Vella ","El Carme","46003"," Valencia Capital","Valencia"," Valencia Capital",NA,"Valencia, Zona de ","Comunitat Valenciana","Valencia","El Carme",39.4780604564014,-0.378626749905219,1,50,1,NA,32
183193393,"https://www.fotocasa.es/es/alquiler/vivienda/valencia-capital/aire-acondicionado-calefaccion-amueblado-se-aceptan-mascotas-internet/183193393/d","Flat","Apartment",1800,"España","Ciutat Vella ","El Carme","46003"," Valencia Capital","Valencia"," Valencia Capital",NA,"Valencia, Zona de ","Comunitat Valenciana","Valencia","El Carme",39.4768939568154,-0.379257191094334,2,85,1,NA,NA
183103961,"https://www.fotocasa.es/es/alquiler/vivienda/valencia-capital/aire-acondicionado-calefaccion-amueblado-se-aceptan-mascotas/183103961/d","Flat","Flat",1200,"España","Ciutat Vella ","El Carme","46003"," Valencia Capital","Valencia"," Valencia Capital",NA,"Valencia, Zona de ","Comunitat Valenciana","Valencia","El Carme",39.4784354864786,-0.381765713737501,1,35,1,NA,32
183192712,"https://www.fotocasa.es/es/alquiler/vivienda/valencia-capital/aire-acondicionado-amueblado-se-aceptan-mascotas-internet/183192712/d","Flat","Apartment",1250,"España","Ciutat Vella ","El Carme","46003"," Valencia Capital","Valencia"," Valencia Capital",NA,"Valencia, Zona de ","Comunitat Valenciana","Valencia","El Carme",39.4763483259259,-0.382125954525056,1,35,1,NA,NA
184497558,"https://www.fotocasa.es/es/alquiler/vivienda/valencia-capital/aire-acondicionado-amueblado-internet/184497558/d","Flat","Study",975,"España","Ciutat Vella ","El Carme","46003"," Valencia Capital","Valencia"," Valencia Capital",NA,"Valencia, Zona de ","Comunitat Valenciana","Valencia","El Carme",39.480996790243,-0.378962815856349,NA,1,1,NA,NA
184621904,"https://www.fotocasa.es/es/alquiler/vivienda/valencia-capital/ascensor/184621904/d","Flat","Flat",1500,"España","Ciutat Vella ","El Carme","46003"," Valencia Capital","Valencia"," Valencia Capital",NA,"Valencia, Zona de ","Comunitat Valenciana","Valencia","El Carme",39.4783324088831,-0.383423896271911,3,115,2,13,32
183816033,"https://www.fotocasa.es/es/alquiler/vivienda/valencia-capital/ascensor/183816033/d","Flat","Flat",1400,"España","Ciutat Vella ","El Carme","46003"," Valencia Capital","Valencia"," Valencia Capital",NA,"Valencia, Zona de ","Comunitat Valenciana","Valencia","El Carme",39.4795829893512,-0.383325516577487,2,53,1,13,NA
184851729,"https://www.fotocasa.es/es/alquiler/vivienda/valencia-capital/calefaccion-amueblado-television/184851729/d","Flat","Flat",1800,"España","Ciutat Vella ","El Carme","46003"," Valencia Capital","Valencia"," Valencia Capital",NA,"Valencia, Zona de ","Comunitat Valenciana","Valencia","El Carme",39.477075860626,-0.380398459051612,4,80,NA,NA,NA
184797217,"https://www.fotocasa.es/es/alquiler/vivienda/valencia-capital/aire-acondicionado-calefaccion-parking-amueblado-television-se-aceptan-mascotas/184797217/d","Flat","Flat",1500,"España","Ciutat Vella ","El Carme","46003"," Valencia Capital","Valencia"," Valencia Capital",NA,"Valencia, Zona de ","Comunitat Valenciana","Valencia","El Carme",39.4777841979508,-0.379665581846393,2,65,NA,NA,32
184738883,"https://www.fotocasa.es/es/alquiler/vivienda/valencia-capital/aire-acondicionado-calefaccion-television/184738883/d","Flat","Flat",1600,"España","Ciutat Vella ","El Carme","46003"," Valencia Capital","Valencia"," Valencia Capital",NA,"Valencia, Zona de ","Comunitat Valenciana","Valencia","El Carme",39.4772545637538,-0.380615832482033,3,80,NA,NA,NA
184738508,"https://www.fotocasa.es/es/alquiler/vivienda/valencia-capital/aire-acondicionado-calefaccion-television/184738508/d","Flat","Flat",2300,"España","Ciutat Vella ","El Carme","46003"," Valencia Capital","Valencia"," Valencia Capital",NA,"Valencia, Zona de ","Comunitat Valenciana","Valencia","El Carme",39.4790291413419,-0.379208982937488,2,70,NA,NA,32
184738478,"https://www.fotocasa.es/es/alquiler/vivienda/valencia-capital/television/184738478/d","Flat","Flat",2400,"España","Ciutat Vella ","El Carme","46003"," Valencia Capital","Valencia"," Valencia Capital",NA,"Valencia, Zona de ","Comunitat Valenciana","Valencia","El Carme",39.4776335780188,-0.379159220602969,3,95,NA,NA,32
