"id","url","buildingSubtype","rawPrice","address.neighborhood","address.zipCode","latitude","longitude","rooms","surface","bathrooms","elevator","balcony","price_per_sqm"
184752240,"https://www.fotocasa.es/es/alquiler/vivienda/valencia-capital/aire-acondicionado-calefaccion-ascensor-no-amueblado/184752240/d","Flat",1350,"El Carme","46001",39.4759123552597,-0.383486845922124,"4",140,"2","Sí","Sí",9.64285714285714
185102613,"https://www.fotocasa.es/es/alquiler/vivienda/valencia-capital/el-carme/185102613/d","Flat",1600,"El Carme","46003",39.4771381,-0.3804932,"4",80,"2","No","No",20
185136967,"https://www.fotocasa.es/es/alquiler/vivienda/valencia-capital/aire-acondicionado-terraza-amueblado/185136967/d","Flat",2500,"El Carme","46003",39.4777059254689,-0.379316995825335,"2",102,"2","No","No",24.5098039215686
185156738,"https://www.fotocasa.es/es/alquiler/vivienda/valencia-capital/ascensor-amueblado/185156738/d","Flat",950,"El Carme","46003",39.4791370160602,-0.381995726778749,"1",55,"1","Sí","Sí",17.2727272727273
185102679,"https://www.fotocasa.es/es/alquiler/vivienda/valencia-capital/aire-acondicionado-calefaccion-terraza-ascensor-amueblado/185102679/d","Flat",1100,"El Carme","46003",39.4792705736735,-0.382193355771765,"1",50,"1","Sí","No",22
183799659,"https://www.fotocasa.es/es/alquiler/vivienda/valencia-capital/calefaccion/183799659/d","Flat",1800,"El Carme","46003",39.4776961003579,-0.380864369669107,"4",102,"1","No","Sí",17.6470588235294
184834712,"https://www.fotocasa.es/es/alquiler/vivienda/valencia-capital/aire-acondicionado-calefaccion-terraza-ascensor/184834712/d","Attic",1600,"El Carme","46003",39.4773358917177,-0.377129340360974,"1",57,"1","Sí","Sí",28.0701754385965
183809862,"https://www.fotocasa.es/es/alquiler/vivienda/valencia-capital/calefaccion-ascensor/183809862/d","Flat",2350,"El Carme","46003",39.4778608341625,-0.380752201446198,"4",102,"2","Sí","Sí",23.0392156862745
184772259,"https://www.fotocasa.es/es/alquiler/vivienda/valencia-capital/aire-acondicionado-calefaccion-terraza-television/184772259/d","Attic",1575,"El Carme","46003",39.4778509183502,-0.381792842323202,"2",80,"2","No","Sí",19.6875
183426702,"https://www.fotocasa.es/es/alquiler/vivienda/valencia-capital/aire-acondicionado-calefaccion-terraza-ascensor/183426702/d","Attic",1750,"El Carme","46003",39.477080744598,-0.376944487067838,"1",57,"1","Sí","Sí",30.7017543859649
184217834,"https://www.fotocasa.es/es/alquiler/vivienda/valencia-capital/calefaccion-ascensor-amueblado-television/184217834/d","Flat",1200,"El Carme","46003",39.4777321779509,-0.380161538816199,"2",74,"1","Sí","Sí",16.2162162162162
185114568,"https://www.fotocasa.es/es/alquiler/vivienda/valencia-capital/aire-acondicionado-calefaccion-trastero-ascensor/185114568/d","Flat",1200,"El Carme","46003",39.4771974829058,-0.375810632411366,"2",85,"2","Sí","No",14.1176470588235
185142343,"https://www.fotocasa.es/es/alquiler/vivienda/valencia-capital/aire-acondicionado-ascensor-amueblado/185142343/d","Flat",1200,"El Carme","46003",39.476449654768,-0.382394721138224,"2",78,"1","Sí","Sí",15.3846153846154
183102906,"https://www.fotocasa.es/es/alquiler/vivienda/valencia-capital/aire-acondicionado-calefaccion-amueblado-se-aceptan-mascotas/183102906/d","Flat",1210,"El Carme","46003",39.4765009151598,-0.380467285564095,"1",35,"1","No","Sí",34.5714285714286
184818733,"https://www.fotocasa.es/es/alquiler/vivienda/valencia-capital/aire-acondicionado-calefaccion-amueblado-se-aceptan-mascotas/184818733/d","Flat",1500,"El Carme","46003",39.4780675913169,-0.377737517348856,"1",75,"1","No","Sí",20
184263266,"https://www.fotocasa.es/es/alquiler/vivienda/valencia-capital/aire-acondicionado-calefaccion-trastero-ascensor/184263266/d","Apartment",2500,"El Carme","46003",39.476842468031,-0.380466850177633,"3",110,"2","Sí","Sí",22.7272727272727
183809552,"https://www.fotocasa.es/es/alquiler/vivienda/valencia-capital/calefaccion/183809552/d","Flat",2350,"El Carme","46003",39.4779159854141,-0.380916406315328,"4",102,"2","No","Sí",23.0392156862745
183463771,"https://www.fotocasa.es/es/alquiler/vivienda/valencia-capital/aire-acondicionado-calefaccion-ascensor-amueblado/183463771/d","Flat",4300,"El Carme","46003",39.4786384257308,-0.376255159986229,"4",176,"2","Sí","No",24.4318181818182
185083650,"https://www.fotocasa.es/es/alquiler/vivienda/valencia-capital/aire-acondicionado-calefaccion-ascensor-patio-no-amueblado/185083650/d","Flat",1200,"El Carme","46003",39.4803224687398,-0.374705707401786,"2",84,"1","Sí","Sí",14.2857142857143
185080514,"https://www.fotocasa.es/es/alquiler/vivienda/valencia-capital/aire-acondicionado-calefaccion/185080514/d","Flat",1200,"El Carme","46003",39.474833218302,-0.381521958737409,"2",84,"1","No","Sí",14.2857142857143
184858168,"https://www.fotocasa.es/es/alquiler/vivienda/valencia-capital/calefaccion-ascensor/184858168/d","Flat",1200,"El Carme","46003",39.4794500998331,-0.380425031880095,"2",74,"1","Sí","Sí",16.2162162162162
184833472,"https://www.fotocasa.es/es/alquiler/vivienda/valencia-capital/aire-acondicionado-amueblado-internet/184833472/d","Apartment",1200,"El Carme","46003",39.4774145034132,-0.380837961982216,"1",92,"1","No","No",13.0434782608696
185165142,"https://www.fotocasa.es/es/alquiler/vivienda/valencia-capital/ascensor-no-amueblado/185165142/d","Flat",1200,"El Carme","46003",39.4776649981712,-0.380117378435542,"2",70,"1","Sí","No",17.1428571428571
185136397,"https://www.fotocasa.es/es/alquiler/vivienda/valencia-capital/aire-acondicionado-amueblado/185136397/d","Apartment",1500,"El Carme","46003",39.4809431834117,-0.375664339778668,"1",48,"1","No","Sí",31.25
184490628,"https://www.fotocasa.es/es/alquiler/vivienda/valencia-capital/aire-acondicionado-ascensor-no-amueblado/184490628/d","Apartment",1400,"El Carme","46003",39.4771748717525,-0.381974066671268,"2",70,"1","Sí","Sí",20
185040102,"https://www.fotocasa.es/es/alquiler/vivienda/valencia-capital/aire-acondicionado-calefaccion/185040102/d","Apartment",2000,"El Carme","46003",39.4783556959369,-0.382102768010546,"2",75,"1","No","Sí",26.6666666666667
185049484,"https://www.fotocasa.es/es/alquiler/vivienda/valencia-capital/aire-acondicionado-calefaccion-amueblado/185049484/d","Study",1100,"El Carme","46003",39.4789666062239,-0.375704001941513,"1",38,"1","No","Sí",28.9473684210526
184852277,"https://www.fotocasa.es/es/alquiler/vivienda/valencia-capital/aire-acondicionado-calefaccion/184852277/d","Apartment",1300,"El Carme","46003",39.480273437432,-0.381126987221169,"2",55,"1","No","No",23.6363636363636
183941363,"https://www.fotocasa.es/es/alquiler/vivienda/valencia-capital/aire-acondicionado-calefaccion-terraza-ascensor-amueblado/183941363/d","Flat",2600,"El Carme","46003",39.4801149583781,-0.379803601681167,"3",95,"2","Sí","Sí",27.3684210526316
185099828,"https://www.fotocasa.es/es/alquiler/vivienda/valencia-capital/aire-acondicionado-calefaccion-amueblado/185099828/d","Apartment",1200,"El Carme","46003",39.4798818124647,-0.380657403697065,"1",50,"1","No","No",24
185117544,"https://www.fotocasa.es/es/alquiler/vivienda/valencia-capital/ascensor-no-amueblado/185117544/d","Apartment",1700,"El Carme","46003",39.4773277854398,-0.383032837056372,"3",125,"2","Sí","Sí",13.6
185114573,"https://www.fotocasa.es/es/alquiler/vivienda/valencia-capital/aire-acondicionado-calefaccion-ascensor-amueblado/185114573/d","Flat",1200,"El Carme","46003",39.4771068668828,-0.376202457054047,"2",90,"2","Sí","No",13.3333333333333
184241696,"https://www.fotocasa.es/es/alquiler/vivienda/valencia-capital/aire-acondicionado-calefaccion-parking-terraza-ascensor/184241696/d","Apartment",6000,"El Carme","46001",39.4782131028099,-0.38206510269492,"4",380,"4","Sí","Sí",15.7894736842105
184964374,"https://www.fotocasa.es/es/alquiler/vivienda/valencia-capital/aire-acondicionado-amueblado/184964374/d","Loft",1300,"El Carme","46003",39.4797618149818,-0.377222700334736,NA,40,"1","No","No",32.5
183103594,"https://www.fotocasa.es/es/alquiler/vivienda/valencia-capital/aire-acondicionado-calefaccion-amueblado-se-aceptan-mascotas/183103594/d","Flat",1800,"El Carme","46003",39.477128183334,-0.379644371142679,"2",85,"1","No","Sí",21.1764705882353
176787252,"https://www.fotocasa.es/es/alquiler/vivienda/valencia-capital/aire-acondicionado-calefaccion-amueblado/176787252/d","Flat",1250,"El Carme","46003",39.4761680710393,-0.37963800853914,"1",35,"1","No","Sí",35.7142857142857
185105860,"https://www.fotocasa.es/es/alquiler/vivienda/valencia-capital/calefaccion-ascensor-amueblado-internet/185105860/d","Apartment",1600,"El Carme","46003",39.4785500446918,-0.381327055092655,"4",80,"1","Sí","No",20
184208475,"https://www.fotocasa.es/es/alquiler/vivienda/valencia-capital/calefaccion-ascensor-amueblado/184208475/d","Flat",1200,"El Carme","46003",39.477933655061,-0.380507195288821,"2",74,"1","Sí","No",16.2162162162162
185135335,"https://www.fotocasa.es/es/alquiler/vivienda/valencia-capital/aire-acondicionado-calefaccion-ascensor-amueblado/185135335/d","Flat",1200,"El Carme","46003",39.4757842398118,-0.378311403222472,"2",70,"1","Sí","Sí",17.1428571428571
184964452,"https://www.fotocasa.es/es/alquiler/vivienda/valencia-capital/aire-acondicionado-calefaccion-ascensor/184964452/d","Apartment",1300,"El Carme","46001",39.4762714577044,-0.380471985178775,"1",52,"1","Sí","Sí",25
185008911,"https://www.fotocasa.es/es/alquiler/vivienda/valencia-capital/aire-acondicionado/185008911/d","Apartment",1650,"El Carme","46003",39.4781269615213,-0.37754968655467,"2",90,"1","No","No",18.3333333333333
185037081,"https://www.fotocasa.es/es/alquiler/vivienda/valencia-capital/aire-acondicionado-se-aceptan-mascotas/185037081/d","Apartment",1300,"El Carme","46001",39.4755922161711,-0.378980564260769,"1",52,"1","No","No",25
184273039,"https://www.fotocasa.es/es/alquiler/vivienda/valencia-capital/ascensor/184273039/d","Apartment",2000,"El Carme","46003",39.4782813796312,-0.382018840299599,"4",98,"2","Sí","Sí",20.4081632653061
185060017,"https://www.fotocasa.es/es/alquiler/vivienda/valencia-capital/aire-acondicionado-amueblado/185060017/d","GroundFloorWithGarden",1100,"El Carme","46003",39.4776035682413,-0.383588295178045,"1",65,"2","No","No",16.9230769230769
184093182,"https://www.fotocasa.es/es/alquiler/vivienda/valencia-capital/aire-acondicionado-parking-terraza-patio/184093182/d","House_Chalet",2600,"El Carme","46003",39.480306600335,-0.379841354699168,"3",121,"3","No","No",21.4876033057851
179463071,"https://www.fotocasa.es/es/alquiler/vivienda/valencia-capital/aire-acondicionado-calefaccion-ascensor-amueblado/179463071/d","Flat",1600,"El Carme","46003",39.4781541427742,-0.378740001864804,"3",90,"2","Sí","Sí",17.7777777777778
179441114,"https://www.fotocasa.es/es/alquiler/vivienda/valencia-capital/aire-acondicionado-calefaccion-ascensor-amueblado/179441114/d","Flat",1350,"El Carme","46003",39.478735496649,-0.382699140969522,"2",80,"1","Sí","Sí",16.875
184735263,"https://www.fotocasa.es/es/alquiler/vivienda/valencia-capital/calefaccion-television-internet/184735263/d","Flat",2150,"El Carme","46003",39.4792438933719,-0.378503314284749,"3",90,NA,"No","No",23.8888888888889
183062686,"https://www.fotocasa.es/es/alquiler/vivienda/valencia-capital/aire-acondicionado-calefaccion-amueblado-television-internet/183062686/d","Apartment",1250,"El Carme","46003",39.4780604564014,-0.378626749905219,"1",50,"1","No","Sí",25
183193393,"https://www.fotocasa.es/es/alquiler/vivienda/valencia-capital/aire-acondicionado-calefaccion-amueblado-se-aceptan-mascotas-internet/183193393/d","Apartment",1800,"El Carme","46003",39.4768939568154,-0.379257191094334,"2",85,"1","No","No",21.1764705882353
183103961,"https://www.fotocasa.es/es/alquiler/vivienda/valencia-capital/aire-acondicionado-calefaccion-amueblado-se-aceptan-mascotas/183103961/d","Flat",1200,"El Carme","46003",39.4784354864786,-0.381765713737501,"1",35,"1","No","Sí",34.2857142857143
183192712,"https://www.fotocasa.es/es/alquiler/vivienda/valencia-capital/aire-acondicionado-amueblado-se-aceptan-mascotas-internet/183192712/d","Apartment",1250,"El Carme","46003",39.4763483259259,-0.382125954525056,"1",35,"1","No","No",35.7142857142857
184621904,"https://www.fotocasa.es/es/alquiler/vivienda/valencia-capital/ascensor/184621904/d","Flat",1500,"El Carme","46003",39.4783324088831,-0.383423896271911,"3",115,"2","Sí","Sí",13.0434782608696
183816033,"https://www.fotocasa.es/es/alquiler/vivienda/valencia-capital/ascensor/183816033/d","Flat",1400,"El Carme","46003",39.4795829893512,-0.383325516577487,"2",53,"1","Sí","No",26.4150943396226
184851729,"https://www.fotocasa.es/es/alquiler/vivienda/valencia-capital/calefaccion-amueblado-television/184851729/d","Flat",1800,"El Carme","46003",39.477075860626,-0.380398459051612,"4",80,NA,"No","No",22.5
184797217,"https://www.fotocasa.es/es/alquiler/vivienda/valencia-capital/aire-acondicionado-calefaccion-parking-amueblado-television-se-aceptan-mascotas/184797217/d","Flat",1500,"El Carme","46003",39.4777841979508,-0.379665581846393,"2",65,NA,"No","Sí",23.0769230769231
184738883,"https://www.fotocasa.es/es/alquiler/vivienda/valencia-capital/aire-acondicionado-calefaccion-television/184738883/d","Flat",1600,"El Carme","46003",39.4772545637538,-0.380615832482033,"3",80,NA,"No","No",20
184738508,"https://www.fotocasa.es/es/alquiler/vivienda/valencia-capital/aire-acondicionado-calefaccion-television/184738508/d","Flat",2300,"El Carme","46003",39.4790291413419,-0.379208982937488,"2",70,NA,"No","Sí",32.8571428571429
184738478,"https://www.fotocasa.es/es/alquiler/vivienda/valencia-capital/television/184738478/d","Flat",2400,"El Carme","46003",39.4776335780188,-0.379159220602969,"3",95,NA,"No","Sí",25.2631578947368
184741256,"https://www.fotocasa.es/es/alquiler/vivienda/valencia-capital/aire-acondicionado-calefaccion-terraza-ascensor-amueblado/184741256/d","Flat",1700,"El Pilar","46001",39.4755014993993,-0.382512007824733,"1",64,"1","Sí","No",26.5625
185010678,"https://www.fotocasa.es/es/alquiler/vivienda/valencia-capital/aire-acondicionado-calefaccion-zona-comunitaria-ascensor-amueblado-parking-television-internet-piscina/185010678/d","Apartment",900,"El Pilar","46001",39.4743194635917,-0.381399647863864,"1",50,"1","Sí","No",18
177877353,"https://www.fotocasa.es/es/alquiler/vivienda/valencia-capital/aire-acondicionado-calefaccion-terraza-ascensor-amueblado/177877353/d","Attic",1350,"El Pilar","46001",39.4714456,-0.3809233,"1",65,"1","Sí","No",20.7692307692308
185119551,"https://www.fotocasa.es/es/alquiler/vivienda/valencia-capital/el-pilar/185119551/d","Flat",2800,"El Pilar","46001",39.4728776,-0.3812108,"2",98,"2","No","No",28.5714285714286
183912113,"https://www.fotocasa.es/es/alquiler/vivienda/valencia-capital/calefaccion-amueblado/183912113/d","Flat",NA,"El Pilar","46001",39.4757492,-0.3825802,"1",120,"2","No","No",NA
185156177,"https://www.fotocasa.es/es/alquiler/vivienda/valencia-capital/aire-acondicionado-calefaccion-terraza-ascensor-amueblado-television/185156177/d","Flat",2400,"El Pilar","46001",39.4747800684781,-0.381974379321928,"4",77,"1","Sí","No",31.1688311688312
185154751,"https://www.fotocasa.es/es/alquiler/vivienda/valencia-capital/aire-acondicionado-amueblado-television-internet/185154751/d","Flat",1100,"El Pilar","46001",39.4754899,-0.3820845,"1",30,"1","No","Sí",36.6666666666667
184507431,"https://www.fotocasa.es/es/alquiler/vivienda/valencia-capital/aire-acondicionado-calefaccion-terraza-patio-amueblado/184507431/d","Flat",2900,"El Pilar","46001",39.4728593,-0.3814015,"2",110,"2","No","Sí",26.3636363636364
184965444,"https://www.fotocasa.es/es/alquiler/vivienda/valencia-capital/aire-acondicionado-calefaccion-terraza-ascensor-amueblado/184965444/d","Attic",1600,"El Pilar","46001",39.4743196401839,-0.383831051610856,"1",75,"1","Sí","Sí",21.3333333333333
182821290,"https://www.fotocasa.es/es/alquiler/vivienda/valencia-capital/terraza-television/182821290/d","Flat",1350,"El Pilar","46001",39.4718546453435,-0.381620175527461,"2",83,"1","No","Sí",16.2650602409639
183931351,"https://www.fotocasa.es/es/alquiler/vivienda/valencia-capital/aire-acondicionado-calefaccion-jardin-terraza-ascensor-amueblado-se-aceptan-mascotas/183931351/d","Flat",6000,"El Pilar","46001",39.4761931244908,-0.381747849298896,"5",400,"4","Sí","Sí",15
183936035,"https://www.fotocasa.es/es/alquiler/vivienda/valencia-capital/calefaccion-parking-ascensor/183936035/d","Flat",6000,"El Pilar","46001",39.4762975498176,-0.381583537132728,"5",400,"3","Sí","Sí",15
183256994,"https://www.fotocasa.es/es/alquiler/vivienda/valencia-capital/aire-acondicionado-calefaccion-amueblado-television-internet/183256994/d","Apartment",1195,"El Pilar","46001",39.4711648445753,-0.381144299990123,"1",62,"1","No","Sí",19.2741935483871
183314423,"https://www.fotocasa.es/es/alquiler/vivienda/valencia-capital/aire-acondicionado-calefaccion-ascensor-amueblado/183314423/d","Flat",1200,"El Pilar","46001",39.472738,-0.3814015,"1",50,"1","Sí","Sí",24
184285139,"https://www.fotocasa.es/es/alquiler/vivienda/valencia-capital/aire-acondicionado-calefaccion-ascensor-amueblado-television/184285139/d","Flat",1500,"El Pilar","46001",39.4713881,-0.3799484,"2",80,"1","Sí","No",18.75
184323085,"https://www.fotocasa.es/es/alquiler/vivienda/valencia-capital/aire-acondicionado-calefaccion-terraza-ascensor-amueblado-se-aceptan-mascotas/184323085/d","Flat",1800,"El Pilar","46001",39.4708980784418,-0.381660724467617,"2",95,"1","Sí","Sí",18.9473684210526
184685881,"https://www.fotocasa.es/es/alquiler/vivienda/valencia-capital/aire-acondicionado-calefaccion-ascensor-television/184685881/d","Flat",1300,"El Pilar","46001",39.4718882115352,-0.383050407454325,"1",44,NA,"Sí","Sí",29.5454545454545
183762522,"https://www.fotocasa.es/es/alquiler/vivienda/valencia-capital/aire-acondicionado-calefaccion-terraza-ascensor-amueblado/183762522/d","Attic",2100,"El Pilar","46001",39.4754494179572,-0.382481532079694,"1",64,"1","Sí","Sí",32.8125
182241579,"https://www.fotocasa.es/es/alquiler/vivienda/valencia-capital/aire-acondicionado-calefaccion-amueblado/182241579/d","Loft",2000,"El Pilar","46001",39.4758126808037,-0.382331568479217,"1",60,"1","No","No",33.3333333333333
185035807,"https://www.fotocasa.es/es/alquiler/vivienda/valencia-capital/aire-acondicionado-calefaccion-ascensor-amueblado-se-aceptan-mascotas/185035807/d","Apartment",1500,"El Pilar","46001",39.4734245858225,-0.38223869412399,"2",60,"1","Sí","Sí",25
178941342,"https://www.fotocasa.es/es/alquiler/vivienda/valencia-capital/aire-acondicionado-calefaccion-trastero-ascensor/178941342/d","Apartment",1700,"El Pilar","46001",39.471113,-0.3827378,"4",125,"2","Sí","No",13.6
184961665,"https://www.fotocasa.es/es/alquiler/vivienda/valencia-capital/aire-acondicionado-calefaccion-terraza-ascensor-se-aceptan-mascotas/184961665/d","Apartment",1600,"El Pilar","46001",39.4729620335362,-0.38403286012359,"1",70,"1","Sí","No",22.8571428571429
184128189,"https://www.fotocasa.es/es/alquiler/vivienda/valencia-capital/aire-acondicionado-terraza-ascensor/184128189/d","Flat",1500,"El Pilar","46001",39.4752142693126,-0.382638520222269,"1",87,"1","Sí","Sí",17.2413793103448
184298921,"https://www.fotocasa.es/es/alquiler/vivienda/valencia-capital/aire-acondicionado-calefaccion-terraza-ascensor/184298921/d","Flat",1500,"El Pilar","46001",39.4717557956245,-0.380213348636794,"2",90,"1","Sí","No",16.6666666666667
184708686,"https://www.fotocasa.es/es/alquiler/vivienda/valencia-capital/aire-acondicionado-calefaccion-terraza-ascensor-se-aceptan-mascotas/184708686/d","Apartment",1000,"El Pilar","46001",39.4754071403804,-0.383781243945617,"1",45,"1","Sí","No",22.2222222222222
160829940,"https://www.fotocasa.es/es/alquiler/vivienda/valencia-capital/aire-acondicionado-calefaccion-terraza-ascensor-amueblado-television-se-aceptan-mascotas-internet/160829940/d","Apartment",1195,"El Pilar","46001",39.4746172801174,-0.381507394542238,NA,65,"1","Sí","Sí",18.3846153846154
184929331,"https://www.fotocasa.es/es/alquiler/vivienda/valencia-capital/aire-acondicionado-calefaccion-ascensor/184929331/d","Duplex",1200,"El Pilar","46001",39.4748241241866,-0.382233558129112,"2",111,"1","Sí","No",10.8108108108108
183160600,"https://www.fotocasa.es/es/alquiler/vivienda/valencia-capital/aire-acondicionado-calefaccion-ascensor-amueblado/183160600/d","Flat",1400,"El Pilar","46001",39.4729035286568,-0.381656548420452,"3",71,"2","Sí","No",19.7183098591549
183524488,"https://www.fotocasa.es/es/alquiler/vivienda/valencia-capital/aire-acondicionado-calefaccion-terraza-amueblado/183524488/d","Flat",1300,"El Pilar","46001",39.4721831208166,-0.381301951973316,"2",90,"2","No","No",14.4444444444444
185160211,"https://www.fotocasa.es/es/alquiler/vivienda/valencia-capital/amueblado-internet/185160211/d","Study",1400,"El Pilar","46001",39.4712014971155,-0.383808646734354,NA,39,"1","No","No",35.8974358974359
184847045,"https://www.fotocasa.es/es/alquiler/vivienda/valencia-capital/aire-acondicionado-se-aceptan-mascotas/184847045/d","Apartment",1500,"El Pilar","46001",39.4744933616912,-0.381860091701823,"2",70,"1","No","Sí",21.4285714285714
184059479,"https://www.fotocasa.es/es/alquiler/vivienda/valencia-capital/el-pilar/184059479/d","Flat",1650,"El Pilar","46001",39.474786,-0.3816667,"3",65,"1","No","No",25.3846153846154
184220793,"https://www.fotocasa.es/es/alquiler/vivienda/valencia-capital/el-pilar/184220793/d","Flat",1150,"El Pilar","46001",39.474786,-0.3816667,"3",70,"1","No","No",16.4285714285714
185111398,"https://www.fotocasa.es/es/alquiler/vivienda/valencia-capital/aire-acondicionado-calefaccion-television/185111398/d","Flat",950,"El Pilar","46001",39.4756565756288,-0.383710894156231,"1",45,NA,"No","No",21.1111111111111
184528692,"https://www.fotocasa.es/es/alquiler/vivienda/valencia-capital/aire-acondicionado-calefaccion-ascensor-amueblado/184528692/d","Flat",2100,"El Pilar","46001",39.4745836067196,-0.384403334321113,"3",120,"2","Sí","Sí",17.5
183339819,"https://www.fotocasa.es/es/alquiler/vivienda/valencia-capital/aire-acondicionado-parking-trastero-ascensor-patio/183339819/d","Apartment",4300,"El Pilar","46001",39.4736447506108,-0.381618280243353,"4",240,"4","Sí","Sí",17.9166666666667
184737603,"https://www.fotocasa.es/es/alquiler/vivienda/valencia-capital/television-se-aceptan-mascotas/184737603/d","Flat",1600,"El Pilar","46001",39.472716815512,-0.381156369096972,"1",80,NA,"No","Sí",20
183834160,"https://www.fotocasa.es/es/alquiler/vivienda/valencia-capital/aire-acondicionado-calefaccion-amueblado/183834160/d","Flat",1250,"El Pilar","46001",39.4717328184273,-0.383067435512291,"2",65,"1","No","Sí",19.2307692307692
182794653,"https://www.fotocasa.es/es/alquiler/vivienda/valencia-capital/el-pilar/182794653/d","Flat",1300,"El Pilar","46001",39.4699851597687,-0.383944562355503,"2",83,"1","No","No",15.6626506024096
184081372,"https://www.fotocasa.es/es/alquiler/vivienda/valencia-capital/amueblado/184081372/d","Flat",1400,"El Pilar","46001",39.472053621786,-0.382187154667026,"2",55,"1","No","No",25.4545454545455
185127243,"https://www.fotocasa.es/es/alquiler/vivienda/valencia-capital/ascensor/185127243/d","Flat",1390,"El Pilar","46001",39.4724967550049,-0.383116811719707,"3",95,"1","Sí","No",14.6315789473684
183527326,"https://www.fotocasa.es/es/alquiler/vivienda/valencia-capital/aire-acondicionado-calefaccion-terraza-trastero-ascensor-amueblado-television-internet/183527326/d","Flat",6000,"El Pilar","46001",39.4761271,-0.3815826,"6",390,"3","Sí","No",15.3846153846154
184673411,"https://www.fotocasa.es/es/alquiler/vivienda/valencia-capital/aire-acondicionado-ascensor-amueblado/184673411/d","Apartment",1100,"El Pilar","46001",39.4736538123336,-0.381333874841381,"1",50,"1","Sí","No",22
184739614,"https://www.fotocasa.es/es/alquiler/vivienda/valencia-capital/aire-acondicionado-calefaccion-television/184739614/d","Flat",1300,"El Pilar","46001",39.4717997019621,-0.383002525596546,"1",55,NA,"No","No",23.6363636363636
183859208,"https://www.fotocasa.es/es/alquiler/vivienda/valencia-capital/calefaccion-amueblado-television/183859208/d","Flat",1700,"El Pilar","46001",39.4757442,-0.3811528,"6",200,"2","No","Sí",8.5
185114511,"https://www.fotocasa.es/es/alquiler/vivienda/valencia-capital/aire-acondicionado-calefaccion/185114511/d","Flat",1200,"El Pilar","46001",39.4772321224429,-0.380467773643012,"1",50,"1","No","No",24
183389954,"https://www.fotocasa.es/es/alquiler/vivienda/valencia-capital/aire-acondicionado-calefaccion-trastero-ascensor-amueblado/183389954/d","Flat",1500,"El Pilar","46001",39.4746235275837,-0.384748254991672,"3",180,"2","Sí","Sí",8.33333333333333
178878736,"https://www.fotocasa.es/es/alquiler/vivienda/valencia-capital/aire-acondicionado-calefaccion-ascensor-amueblado/178878736/d","Flat",1000,"El Pilar","46001",39.4741840607159,-0.381814212423632,"1",65,"1","Sí","No",15.3846153846154
179621156,"https://www.fotocasa.es/es/alquiler/vivienda/valencia-capital/aire-acondicionado-calefaccion-ascensor-amueblado/179621156/d","Flat",1200,"El Pilar","46001",39.4732212160744,-0.38116168286987,"3",100,"2","Sí","No",12
184735513,"https://www.fotocasa.es/es/alquiler/vivienda/valencia-capital/aire-acondicionado-calefaccion-television/184735513/d","Flat",2750,"El Pilar","46001",39.4726569300834,-0.382814598753537,"1",106,NA,"No","No",25.9433962264151
179115927,"https://www.fotocasa.es/es/alquiler/vivienda/valencia-capital/aire-acondicionado-calefaccion-amueblado/179115927/d","Flat",1300,"El Pilar","46001",39.4752132707123,-0.383635855301232,"1",85,"1","No","No",15.2941176470588
184736834,"https://www.fotocasa.es/es/alquiler/vivienda/valencia-capital/aire-acondicionado-television/184736834/d","Flat",1800,"El Pilar","46001",39.4732395295651,-0.381050517333696,"3",105,NA,"No","No",17.1428571428571
185124253,"https://www.fotocasa.es/es/alquiler/vivienda/valencia-capital/aire-acondicionado-calefaccion-ascensor-amueblado-television-internet/185124253/d","Flat",880,"El Pilar","46001",39.4726082,-0.3822905,"1",50,"1","Sí","Sí",17.6
184475614,"https://www.fotocasa.es/es/alquiler/vivienda/valencia-capital/aire-acondicionado-ascensor-amueblado-television/184475614/d","Flat",1050,"El Pilar","46001",39.4714166,-0.3825218,"2",45,"1","Sí","Sí",23.3333333333333
185116721,"https://www.fotocasa.es/es/alquiler/vivienda/valencia-capital/aire-acondicionado-calefaccion-ascensor-amueblado/185116721/d","Flat",2200,"La Seu","46001",39.4752640229179,-0.376052536819736,"2",110,"2","Sí","Sí",20
183775129,"https://www.fotocasa.es/es/alquiler/vivienda/valencia-capital/aire-acondicionado-calefaccion-terraza-trastero-zona-comunitaria-ascensor-amueblado/183775129/d","Flat",1750,"La Seu","46001",39.4757005,-0.3772384,"3",120,"2","Sí","No",14.5833333333333
183722846,"https://www.fotocasa.es/es/alquiler/vivienda/valencia-capital/aire-acondicionado-calefaccion-terraza-ascensor-amueblado-television-internet/183722846/d","Flat",2600,"La Seu","46003",39.4772478,-0.3767631,"3",90,"2","Sí","Sí",28.8888888888889
183775271,"https://www.fotocasa.es/es/alquiler/vivienda/valencia-capital/aire-acondicionado-calefaccion-terraza-trastero-ascensor-amueblado/183775271/d","Flat",1750,"La Seu","46001",39.475937,-0.3771896,"3",120,"2","Sí","No",14.5833333333333
185163408,"https://www.fotocasa.es/es/alquiler/vivienda/valencia-capital/aire-acondicionado-calefaccion-terraza-trastero-ascensor-no-amueblado/185163408/d","Attic",2200,"La Seu","46003",39.4771561651366,-0.376171084722583,"2",96,"1","Sí","Sí",22.9166666666667
185179010,"https://www.fotocasa.es/es/alquiler/vivienda/valencia-capital/aire-acondicionado-calefaccion-ascensor-no-amueblado/185179010/d","Flat",1600,"La Seu","46003",39.4772233519301,-0.374072970280736,"3",75,"2","Sí","Sí",21.3333333333333
185131356,"https://www.fotocasa.es/es/alquiler/vivienda/valencia-capital/aire-acondicionado-calefaccion-amueblado-se-aceptan-mascotas/185131356/d","Loft",1200,"La Seu","46003",39.4766428322752,-0.373299365761514,"1",80,"1","No","No",15
185169085,"https://www.fotocasa.es/es/alquiler/vivienda/valencia-capital/aire-acondicionado-calefaccion-terraza-patio/185169085/d","Flat",1350,"La Seu","46003",39.4767562,-0.3769419,"4",95,"1","No","Sí",14.2105263157895
185128629,"https://www.fotocasa.es/es/alquiler/vivienda/valencia-capital/aire-acondicionado-calefaccion-ascensor-amueblado/185128629/d","Flat",2200,"La Seu","46001",39.4754944480479,-0.376884210850057,"2",65,"1","Sí","No",33.8461538461538
184948486,"https://www.fotocasa.es/es/alquiler/vivienda/valencia-capital/aire-acondicionado-calefaccion-ascensor/184948486/d","Flat",2000,"La Seu","46001",39.4762830329081,-0.375915722768463,"1",60,"1","Sí","No",33.3333333333333
182815097,"https://www.fotocasa.es/es/alquiler/vivienda/valencia-capital/aire-acondicionado-ascensor/182815097/d","Flat",2800,"La Seu","46003",39.4748139753734,-0.37489636902717,"4",150,"2","Sí","Sí",18.6666666666667
183701184,"https://www.fotocasa.es/es/alquiler/vivienda/valencia-capital/aire-acondicionado-calefaccion-terraza-ascensor-amueblado-television/183701184/d","Flat",2200,"La Seu","46001",39.4750631017389,-0.37564357454877,"2",110,"2","Sí","Sí",20
183625981,"https://www.fotocasa.es/es/alquiler/vivienda/valencia-capital/aire-acondicionado-calefaccion-amueblado/183625981/d","Flat",1750,"La Seu","46003",39.4764598240386,-0.374752225213108,"2",153,"2","No","Sí",11.437908496732
184791542,"https://www.fotocasa.es/es/alquiler/vivienda/valencia-capital/aire-acondicionado-calefaccion-parking-ascensor-amueblado/184791542/d","Apartment",1300,"La Seu","46003",39.478249261076,-0.375813147756336,"2",110,"1","Sí","Sí",11.8181818181818
183842478,"https://www.fotocasa.es/es/alquiler/vivienda/valencia-capital/la-seu/183842478/d","Flat",2990,"La Seu","46001",39.4743594,-0.37601,"4",150,"3","No","No",19.9333333333333
184507205,"https://www.fotocasa.es/es/alquiler/vivienda/valencia-capital/aire-acondicionado-calefaccion-ascensor-amueblado-se-aceptan-mascotas/184507205/d","Flat",1500,"La Seu","46003",39.4752400393227,-0.373790605243605,"2",80,"1","Sí","No",18.75
185132749,"https://www.fotocasa.es/es/alquiler/vivienda/valencia-capital/aire-acondicionado-calefaccion-ascensor-amueblado/185132749/d","Flat",1100,"La Seu","46003",39.4774828378503,-0.376867899516434,"2",90,"2","Sí","No",12.2222222222222
185114579,"https://www.fotocasa.es/es/alquiler/vivienda/valencia-capital/aire-acondicionado-calefaccion-terraza-trastero-ascensor-amueblado/185114579/d","Attic",2500,"La Seu","46003",39.4767312749233,-0.369986773139984,"3",160,"2","Sí","No",15.625
183189984,"https://www.fotocasa.es/es/alquiler/vivienda/valencia-capital/aire-acondicionado-calefaccion-ascensor/183189984/d","Flat",2800,"La Seu","46003",39.4745081484987,-0.374985309246112,"4",180,"2","Sí","Sí",15.5555555555556
178990288,"https://www.fotocasa.es/es/alquiler/vivienda/valencia-capital/aire-acondicionado-calefaccion-terraza-ascensor-no-amueblado/178990288/d","Flat",1300,"La Seu","46003",39.47677462673,-0.376148755681238,"3",100,"2","Sí","No",13
184484947,"https://www.fotocasa.es/es/alquiler/vivienda/valencia-capital/aire-acondicionado-calefaccion-amueblado-se-aceptan-mascotas/184484947/d","Flat",1500,"La Seu","46001",39.4760680835351,-0.375622406016949,"1",50,"1","No","No",30
183819199,"https://www.fotocasa.es/es/alquiler/vivienda/valencia-capital/aire-acondicionado-calefaccion-ascensor/183819199/d","Flat",1900,"La Seu","46003",39.4764301180232,-0.376970961250199,"3",90,"2","Sí","Sí",21.1111111111111
176274958,"https://www.fotocasa.es/es/alquiler/vivienda/valencia-capital/aire-acondicionado-calefaccion-amueblado/176274958/d","Apartment",1300,"La Seu","46003",39.4785632,-0.3759484,"1",55,"1","No","No",23.6363636363636
163063634,"https://www.fotocasa.es/es/alquiler/vivienda/valencia-capital/aire-acondicionado/163063634/d","GroundFloorWithGarden",2100,"La Seu","46003",39.4766964,-0.3759403,"2",180,"1","No","No",11.6666666666667
184724409,"https://www.fotocasa.es/es/alquiler/vivienda/valencia-capital/aire-acondicionado-ascensor/184724409/d","Apartment",1700,"La Seu","46001",39.4749460276314,-0.376583077308573,"2",93,"2","Sí","Sí",18.2795698924731
184911064,"https://www.fotocasa.es/es/alquiler/vivienda/valencia-capital/ascensor/184911064/d","Apartment",2800,"La Seu","46003",39.4747541100267,-0.374983870349225,"3",214,"2","Sí","No",13.0841121495327
183628695,"https://www.fotocasa.es/es/alquiler/vivienda/valencia-capital/aire-acondicionado/183628695/d","Flat",1500,"La Seu","46003",39.4799694844099,-0.373544827990653,"3",120,"1","No","No",12.5
184737453,"https://www.fotocasa.es/es/alquiler/vivienda/valencia-capital/aire-acondicionado-calefaccion-television/184737453/d","Flat",2300,"La Seu","46001",39.4757364454395,-0.376901890328306,"2",55,NA,"No","No",41.8181818181818
184728827,"https://www.fotocasa.es/es/alquiler/vivienda/valencia-capital/no-amueblado/184728827/d","Flat",950,"La Seu","46003",39.4769048551874,-0.374424810290732,"3",95,"1","No","No",10
184796923,"https://www.fotocasa.es/es/alquiler/vivienda/valencia-capital/television-se-aceptan-mascotas/184796923/d","Flat",1600,"La Seu","46001",39.4743465444694,-0.375893760329811,"1",65,NA,"No","Sí",24.6153846153846
184736659,"https://www.fotocasa.es/es/alquiler/vivienda/valencia-capital/aire-acondicionado-television-internet/184736659/d","Flat",1500,"La Seu","46003",39.4783556933147,-0.375609259171989,NA,64,NA,"No","No",23.4375
184736657,"https://www.fotocasa.es/es/alquiler/vivienda/valencia-capital/aire-acondicionado-television-internet/184736657/d","Flat",1250,"La Seu","46001",39.4762434091069,-0.37755062972582,NA,69,NA,"No","No",18.1159420289855
184736865,"https://www.fotocasa.es/es/alquiler/vivienda/valencia-capital/television/184736865/d","Flat",1900,"La Seu","46003",39.4772591978098,-0.376438632073576,"2",70,NA,"No","No",27.1428571428571
183174887,"https://www.fotocasa.es/es/alquiler/vivienda/valencia-capital/aire-acondicionado-calefaccion-terraza-trastero-ascensor/183174887/d","Attic",2300,"La Seu","46001",39.4770267015089,-0.377885539019226,"2",128,"2","Sí","No",17.96875
184796913,"https://www.fotocasa.es/es/alquiler/vivienda/valencia-capital/aire-acondicionado-calefaccion-amueblado-se-aceptan-mascotas/184796913/d","Flat",3700,"La Seu","46001",39.4742922157444,-0.375805146771628,"2",120,NA,"No","Sí",30.8333333333333
178912219,"https://www.fotocasa.es/es/alquiler/vivienda/valencia-capital/aire-acondicionado-calefaccion-terraza-ascensor-amueblado/178912219/d","Attic",1850,"La Seu","46001",39.4770965588951,-0.375698966992503,"3",120,"2","Sí","Sí",15.4166666666667
185153741,"https://www.fotocasa.es/es/alquiler/vivienda/valencia-capital/aire-acondicionado-calefaccion-amueblado/185153741/d","Loft",1300,"La Xerea","46003",39.4736926799925,-0.371459056340307,"1",35,"1","No","No",37.1428571428571
185153596,"https://www.fotocasa.es/es/alquiler/vivienda/valencia-capital/aire-acondicionado-calefaccion-amueblado/185153596/d","Loft",1300,"La Xerea","46003",39.4737085102831,-0.371429001291122,NA,35,"1","No","No",37.1428571428571
185153491,"https://www.fotocasa.es/es/alquiler/vivienda/valencia-capital/aire-acondicionado-calefaccion-amueblado/185153491/d","Loft",1300,"La Xerea","46003",39.4737069249042,-0.371642694339102,NA,35,"1","No","No",37.1428571428571
184115981,"https://www.fotocasa.es/es/alquiler/vivienda/valencia-capital/aire-acondicionado-ascensor-amueblado-television/184115981/d","Flat",1100,"La Xerea","46003",39.4751375,-0.371579,"3",60,"1","Sí","No",18.3333333333333
185166666,"https://www.fotocasa.es/es/alquiler/vivienda/valencia-capital/aire-acondicionado-ascensor-no-amueblado/185166666/d","Apartment",3200,"La Xerea","46002",39.4735271128812,-0.373687180691847,"3",225,"2","Sí","Sí",14.2222222222222
185114537,"https://www.fotocasa.es/es/alquiler/vivienda/valencia-capital/aire-acondicionado-calefaccion-ascensor/185114537/d","Flat",1700,"La Xerea","46003",39.4748685236106,-0.370503768864123,"3",100,"1","Sí","No",17
178302845,"https://www.fotocasa.es/es/alquiler/vivienda/valencia-capital/ascensor-amueblado/178302845/d","Flat",1300,"La Xerea","46003",39.4751375,-0.371579,"3",59,"1","Sí","No",22.0338983050847
185114554,"https://www.fotocasa.es/es/alquiler/vivienda/valencia-capital/aire-acondicionado-calefaccion-ascensor/185114554/d","Flat",1800,"La Xerea","46003",39.4733508466828,-0.368754738759226,"3",100,"2","Sí","No",18
185114526,"https://www.fotocasa.es/es/alquiler/vivienda/valencia-capital/aire-acondicionado-calefaccion-ascensor/185114526/d","Flat",2950,"La Xerea","46003",39.4751893354137,-0.371840109530137,"3",140,"2","Sí","No",21.0714285714286
179676898,"https://www.fotocasa.es/es/alquiler/vivienda/valencia-capital/aire-acondicionado-calefaccion-terraza-ascensor-amueblado/179676898/d","Attic",2500,"La Xerea","46003",39.4733227387766,-0.372475047249418,"1",75,"1","Sí","No",33.3333333333333
183790365,"https://www.fotocasa.es/es/alquiler/vivienda/valencia-capital/aire-acondicionado-parking-terraza-ascensor-patio/183790365/d","Apartment",1850,"La Xerea","46003",39.4733037660449,-0.368048287566169,"4",150,"2","Sí","Sí",12.3333333333333
183543774,"https://www.fotocasa.es/es/alquiler/vivienda/valencia-capital/aire-acondicionado-calefaccion-ascensor-amueblado-television-internet/183543774/d","Flat",1500,"La Xerea","46003",39.4752767338834,-0.370976080585009,"2",112,"2","Sí","Sí",13.3928571428571
184708076,"https://www.fotocasa.es/es/alquiler/vivienda/valencia-capital/calefaccion-ascensor/184708076/d","Flat",2500,"La Xerea","46003",39.4713906120762,-0.369850234747178,"2",186,"2","Sí","No",13.4408602150538
183688148,"https://www.fotocasa.es/es/alquiler/vivienda/valencia-capital/aire-acondicionado-calefaccion/183688148/d","Apartment",2500,"La Xerea","46003",39.475480148116,-0.372727487646178,"2",139,"2","No","Sí",17.9856115107914
184676014,"https://www.fotocasa.es/es/alquiler/vivienda/valencia-capital/aire-acondicionado-ascensor-amueblado/184676014/d","Flat",1000,"La Xerea","46003",39.4741145984026,-0.373990887290565,"1",43,"1","Sí","No",23.2558139534884
185114552,"https://www.fotocasa.es/es/alquiler/vivienda/valencia-capital/aire-acondicionado-calefaccion-ascensor/185114552/d","Flat",1050,"La Xerea","46003",39.4741803731465,-0.370930956843175,"1",37,"1","Sí","No",28.3783783783784
185111548,"https://www.fotocasa.es/es/alquiler/vivienda/valencia-capital/aire-acondicionado-calefaccion-amueblado-television-se-aceptan-mascotas/185111548/d","Flat",1900,"La Xerea","46003",39.4715741009411,-0.372118510041092,"1",90,NA,"No","Sí",21.1111111111111
184301388,"https://www.fotocasa.es/es/alquiler/vivienda/valencia-capital/aire-acondicionado-ascensor-amueblado-internet/184301388/d","Apartment",1050,"La Xerea","46003",39.4751304988946,-0.369590092811878,"3",60,"1","Sí","No",17.5
184851721,"https://www.fotocasa.es/es/alquiler/vivienda/valencia-capital/aire-acondicionado-calefaccion-television/184851721/d","Flat",1800,"La Xerea","46003",39.4722526990885,-0.373368758355167,"2",60,NA,"No","No",30
184674039,"https://www.fotocasa.es/es/alquiler/vivienda/valencia-capital/aire-acondicionado-ascensor/184674039/d","Apartment",1400,"La Xerea","46003",39.472968064138,-0.371722002662377,"1",68,"1","Sí","No",20.5882352941176
184927129,"https://www.fotocasa.es/es/alquiler/vivienda/valencia-capital/aire-acondicionado-calefaccion-amueblado-television/184927129/d","Flat",2465,"La Xerea","46003",39.4721483926591,-0.37192196823994,"3",75,NA,"No","Sí",32.8666666666667
184927128,"https://www.fotocasa.es/es/alquiler/vivienda/valencia-capital/aire-acondicionado-calefaccion-amueblado-television/184927128/d","Flat",2465,"La Xerea","46003",39.4720634471387,-0.371681444616833,"3",75,NA,"No","Sí",32.8666666666667
184927127,"https://www.fotocasa.es/es/alquiler/vivienda/valencia-capital/aire-acondicionado-calefaccion-amueblado-television/184927127/d","Flat",2465,"La Xerea","46003",39.4721847975436,-0.371881891166922,"3",75,NA,"No","Sí",32.8666666666667
181943680,"https://www.fotocasa.es/es/alquiler/vivienda/valencia-capital/aire-acondicionado-calefaccion-ascensor-amueblado/181943680/d","Flat",1400,"La Xerea","46003",39.4739944078525,-0.37010321933662,"3",75,"1","Sí","No",18.6666666666667
184738340,"https://www.fotocasa.es/es/alquiler/vivienda/valencia-capital/aire-acondicionado-calefaccion-television/184738340/d","Flat",2465,"La Xerea","46003",39.4720476856973,-0.371636469792884,"3",75,NA,"No","Sí",32.8666666666667
183683384,"https://www.fotocasa.es/es/alquiler/vivienda/valencia-capital/ascensor-amueblado-television/183683384/d","Flat",1300,"La Xerea","46003",39.4767235352715,-0.369920735235113,"3",65,"1","Sí","No",20
184736568,"https://www.fotocasa.es/es/alquiler/vivienda/valencia-capital/aire-acondicionado-calefaccion-television-se-aceptan-mascotas/184736568/d","Flat",2350,"La Xerea","46002",39.472772447504,-0.372204876124554,"3",125,NA,"No","No",18.8
185079556,"https://www.fotocasa.es/es/alquiler/vivienda/valencia-capital/ascensor-amueblado/185079556/d","Study",800,"La Xerea","46003",39.4719814362041,-0.369682848864589,"1",20,"1","Sí","No",40
185017685,"https://www.fotocasa.es/es/alquiler/vivienda/valencia-capital/aire-acondicionado-calefaccion-terraza-amueblado/185017685/d","Flat",1750,"El Mercat","46001",39.4721109456204,-0.378097823646862,"3",80,"1","No","Sí",21.875
183190600,"https://www.fotocasa.es/es/alquiler/vivienda/valencia-capital/calefaccion-ascensor/183190600/d","Flat",1950,"El Mercat","46001",39.4722137906081,-0.379177176532753,"6",197,"2","Sí","Sí",9.89847715736041
184969263,"https://www.fotocasa.es/es/alquiler/vivienda/valencia-capital/aire-acondicionado-calefaccion-ascensor/184969263/d","Flat",1600,"El Mercat","46001",39.4764214382596,-0.379767139046066,"1",83,"1","Sí","Sí",19.2771084337349
185082339,"https://www.fotocasa.es/es/alquiler/vivienda/valencia-capital/aire-acondicionado-calefaccion-ascensor/185082339/d","Flat",1600,"El Mercat","46001",39.4764398674591,-0.379347041285509,"1",72,"1","Sí","Sí",22.2222222222222
185116667,"https://www.fotocasa.es/es/alquiler/vivienda/valencia-capital/aire-acondicionado-calefaccion-ascensor/185116667/d","Flat",1000,"El Mercat","46001",39.471771401272,-0.377850769022494,"1",60,"1","Sí","No",16.6666666666667
185100405,"https://www.fotocasa.es/es/alquiler/vivienda/valencia-capital/aire-acondicionado-calefaccion-terraza-ascensor-amueblado/185100405/d","Attic",1800,"El Mercat","46001",39.47238241543,-0.378942134431453,"2",65,"2","Sí","No",27.6923076923077
184836177,"https://www.fotocasa.es/es/alquiler/vivienda/valencia-capital/aire-acondicionado-calefaccion-ascensor/184836177/d","Flat",1400,"El Mercat","46001",39.4735744811531,-0.377851665464806,"1",49,"1","Sí","Sí",28.5714285714286
184009627,"https://www.fotocasa.es/es/alquiler/vivienda/valencia-capital/aire-acondicionado-calefaccion-terraza-ascensor-amueblado/184009627/d","Flat",1500,"El Mercat","46001",39.4723067838245,-0.37855196276952,"1",50,"1","Sí","No",30
185107067,"https://www.fotocasa.es/es/alquiler/vivienda/valencia-capital/aire-acondicionado-calefaccion-ascensor-amueblado/185107067/d","Apartment",1800,"El Mercat","46001",39.4720892662254,-0.377476213366839,"1",75,"1","Sí","Sí",24
182814637,"https://www.fotocasa.es/es/alquiler/vivienda/valencia-capital/aire-acondicionado-calefaccion/182814637/d","Flat",3000,"El Mercat","46001",39.4762264237811,-0.379866715567885,"3",200,"2","No","Sí",15
184258786,"https://www.fotocasa.es/es/alquiler/vivienda/valencia-capital/calefaccion-ascensor-amueblado-se-aceptan-mascotas/184258786/d","Flat",2000,"El Mercat","46001",39.473853934028,-0.380365112711831,"4",136,"2","Sí","Sí",14.7058823529412
184751343,"https://www.fotocasa.es/es/alquiler/vivienda/valencia-capital/aire-acondicionado-calefaccion-ascensor/184751343/d","Flat",1300,"El Mercat","46001",39.4721583077098,-0.378833029833242,"2",75,"2","Sí","No",17.3333333333333
182658746,"https://www.fotocasa.es/es/alquiler/vivienda/valencia-capital/aire-acondicionado-calefaccion-ascensor/182658746/d","Loft",2100,"El Mercat","46001",39.4738949811961,-0.377760131221486,"1",60,"1","Sí","Sí",35
184390441,"https://www.fotocasa.es/es/alquiler/vivienda/valencia-capital/aire-acondicionado-trastero-ascensor-amueblado-se-aceptan-mascotas/184390441/d","Apartment",2600,"El Mercat","46001",39.4751352235612,-0.379451540050913,"3",118,"4","Sí","Sí",22.0338983050847
184922855,"https://www.fotocasa.es/es/alquiler/vivienda/valencia-capital/aire-acondicionado-calefaccion-parking-terraza-ascensor-amueblado-se-aceptan-mascotas/184922855/d","Apartment",2500,"El Mercat","46001",39.4717539781644,-0.378676113579875,"3",148,"3","Sí","No",16.8918918918919
184862286,"https://www.fotocasa.es/es/alquiler/vivienda/valencia-capital/aire-acondicionado-amueblado-se-aceptan-mascotas/184862286/d","Flat",1100,"El Mercat","46001",39.4750572,-0.3801048,"1",70,"1","No","Sí",15.7142857142857
184413434,"https://www.fotocasa.es/es/alquiler/vivienda/valencia-capital/aire-acondicionado-ascensor-television/184413434/d","Flat",1900,"El Mercat","46001",39.472922178188,-0.376708163429724,"1",76,"2","Sí","Sí",25
183895104,"https://www.fotocasa.es/es/alquiler/vivienda/valencia-capital/aire-acondicionado-amueblado/183895104/d","Flat",1100,"El Mercat","46001",39.4751287511887,-0.377200304520579,"2",63,"1","No","Sí",17.4603174603175
184126352,"https://www.fotocasa.es/es/alquiler/vivienda/valencia-capital/aire-acondicionado-calefaccion-ascensor/184126352/d","Apartment",1400,"El Mercat","46001",39.4746697187475,-0.376239752657808,"1",85,"1","Sí","Sí",16.4705882352941
185045899,"https://www.fotocasa.es/es/alquiler/vivienda/valencia-capital/ascensor/185045899/d","Apartment",2800,"El Mercat","46001",39.4722855410844,-0.377082046367767,"6",243,"2","Sí","Sí",11.522633744856
184715979,"https://www.fotocasa.es/es/alquiler/vivienda/valencia-capital/aire-acondicionado-calefaccion-ascensor/184715979/d","Attic",1500,"El Mercat","46001",39.4743229954655,-0.37968179135938,"1",60,"1","Sí","Sí",25
185114531,"https://www.fotocasa.es/es/alquiler/vivienda/valencia-capital/aire-acondicionado-calefaccion-ascensor/185114531/d","Flat",950,"El Mercat","46001",39.4746247511404,-0.378219689985642,"1",52,"1","Sí","No",18.2692307692308
184389986,"https://www.fotocasa.es/es/alquiler/vivienda/valencia-capital/aire-acondicionado-trastero-ascensor-se-aceptan-mascotas/184389986/d","Apartment",2300,"El Mercat","46001",39.4768243812755,-0.38124908838198,"3",118,"4","Sí","Sí",19.4915254237288
179550663,"https://www.fotocasa.es/es/alquiler/vivienda/valencia-capital/aire-acondicionado-calefaccion/179550663/d","Flat",1300,"El Mercat","46001",39.4748734874019,-0.376915392241973,"1",40,"1","No","Sí",32.5
184927118,"https://www.fotocasa.es/es/alquiler/vivienda/valencia-capital/aire-acondicionado-calefaccion-television/184927118/d","Flat",1300,"El Mercat","46001",39.4734784590557,-0.377578202564274,NA,39,NA,"No","No",33.3333333333333
182661804,"https://www.fotocasa.es/es/alquiler/vivienda/valencia-capital/aire-acondicionado-ascensor/182661804/d","Flat",2500,"El Mercat","46001",39.4738756858705,-0.380176403369275,"2",62,"1","Sí","No",40.3225806451613
179086083,"https://www.fotocasa.es/es/alquiler/vivienda/valencia-capital/aire-acondicionado-calefaccion-amueblado/179086083/d","Flat",1300,"El Mercat","46001",39.4746219883126,-0.379086046352882,"1",50,"1","No","Sí",26
184911675,"https://www.fotocasa.es/es/alquiler/vivienda/valencia-capital/aire-acondicionado-terraza-ascensor-amueblado/184911675/d","Attic",2500,"El Mercat","46001",39.471259726695,-0.379298487808975,"1",67,"1","Sí","No",37.3134328358209
184945996,"https://www.fotocasa.es/es/alquiler/vivienda/valencia-capital/aire-acondicionado/184945996/d","Attic",2300,"El Mercat","46001",39.4764615194124,-0.378899932868106,"1",125,"1","No","Sí",18.4
184832415,"https://www.fotocasa.es/es/alquiler/vivienda/valencia-capital/amueblado/184832415/d","Flat",1100,"El Mercat","46001",39.4750152,-0.3803075,"1",67,"1","No","Sí",16.4179104477612
184737014,"https://www.fotocasa.es/es/alquiler/vivienda/valencia-capital/aire-acondicionado-calefaccion-television/184737014/d","Flat",1300,"El Mercat","46001",39.4735320857876,-0.3774535183366,NA,39,NA,"No","No",33.3333333333333
184737017,"https://www.fotocasa.es/es/alquiler/vivienda/valencia-capital/aire-acondicionado-calefaccion-television/184737017/d","Flat",1400,"El Mercat","46001",39.4734842133079,-0.377327292511057,NA,44,NA,"No","No",31.8181818181818
184758151,"https://www.fotocasa.es/es/alquiler/vivienda/valencia-capital/aire-acondicionado-calefaccion-trastero-ascensor-amueblado/184758151/d","Flat",1250,"El Mercat","46001",39.4701880908973,-0.378879613698233,"1",65,"1","Sí","Sí",19.2307692307692
184738031,"https://www.fotocasa.es/es/alquiler/vivienda/valencia-capital/aire-acondicionado-television/184738031/d","Flat",1780,"El Mercat","46001",39.4741125703906,-0.377946234212295,"1",75,NA,"No","No",23.7333333333333
183193558,"https://www.fotocasa.es/es/alquiler/vivienda/valencia-capital/aire-acondicionado-amueblado-internet/183193558/d","Apartment",2050,"El Mercat","46001",39.4728432068562,-0.379040592739472,"1",90,"1","No","No",22.7777777777778
183193222,"https://www.fotocasa.es/es/alquiler/vivienda/valencia-capital/aire-acondicionado-amueblado-internet/183193222/d","Study",1600,"El Mercat","46001",39.4738306033161,-0.375954434227585,NA,44,"1","No","No",36.3636363636364
183193220,"https://www.fotocasa.es/es/alquiler/vivienda/valencia-capital/aire-acondicionado-amueblado-internet/183193220/d","Study",1600,"El Mercat","46001",39.4722818452844,-0.377044257210028,NA,39,"1","No","No",41.025641025641
183193017,"https://www.fotocasa.es/es/alquiler/vivienda/valencia-capital/aire-acondicionado-amueblado-internet/183193017/d","Apartment",1450,"El Mercat","46001",39.4719323921481,-0.378112705585272,"1",90,"1","No","No",16.1111111111111
183193224,"https://www.fotocasa.es/es/alquiler/vivienda/valencia-capital/aire-acondicionado-amueblado-internet/183193224/d","Study",1600,"El Mercat","46001",39.4724472966543,-0.378157226624255,NA,44,"1","No","No",36.3636363636364
183193014,"https://www.fotocasa.es/es/alquiler/vivienda/valencia-capital/aire-acondicionado-amueblado-internet/183193014/d","Study",1450,"El Mercat","46001",39.4744273779674,-0.378308202558322,NA,39,"1","No","No",37.1794871794872
183193029,"https://www.fotocasa.es/es/alquiler/vivienda/valencia-capital/aire-acondicionado-amueblado-internet/183193029/d","Study",1450,"El Mercat","46001",39.4745978453233,-0.378255943563673,NA,39,"1","No","No",37.1794871794872
178864986,"https://www.fotocasa.es/es/alquiler/vivienda/valencia-capital/aire-acondicionado-calefaccion-amueblado/178864986/d","Flat",1600,"El Mercat","46001",39.4757222878998,-0.375972308077886,"2",75,"1","No","Sí",21.3333333333333
184851650,"https://www.fotocasa.es/es/alquiler/vivienda/valencia-capital/aire-acondicionado-calefaccion-television/184851650/d","Flat",1300,"El Mercat","46001",39.4725107990157,-0.378562796337535,"1",55,NA,"No","No",23.6363636363636
184797412,"https://www.fotocasa.es/es/alquiler/vivienda/valencia-capital/aire-acondicionado-calefaccion-amueblado-television/184797412/d","Flat",1399,"El Mercat","46001",39.473468040527,-0.377466342522402,"1",44,NA,"No","Sí",31.7954545454545
184739031,"https://www.fotocasa.es/es/alquiler/vivienda/valencia-capital/aire-acondicionado-calefaccion-television/184739031/d","Flat",2772,"El Mercat","46001",39.4743755671204,-0.377617914894773,"2",100,NA,"No","Sí",27.72
184737020,"https://www.fotocasa.es/es/alquiler/vivienda/valencia-capital/aire-acondicionado-calefaccion-television/184737020/d","Flat",1900,"El Mercat","46001",39.4734368408456,-0.377343658967404,NA,60,NA,"No","Sí",31.6666666666667
184737018,"https://www.fotocasa.es/es/alquiler/vivienda/valencia-capital/aire-acondicionado-calefaccion-television/184737018/d","Flat",1700,"El Mercat","46001",39.4734808413507,-0.377404199328317,NA,90,NA,"No","Sí",18.8888888888889
184736678,"https://www.fotocasa.es/es/alquiler/vivienda/valencia-capital/aire-acondicionado-calefaccion-television/184736678/d","Flat",2300,"El Mercat","46001",39.4716926515766,-0.379034818443399,"3",68,NA,"No","No",33.8235294117647
184797559,"https://www.fotocasa.es/es/alquiler/vivienda/valencia-capital/aire-acondicionado-amueblado-television/184797559/d","Flat",2000,"El Mercat","46001",39.4720012140925,-0.377744229992666,"2",77,NA,"No","Sí",25.974025974026
184738437,"https://www.fotocasa.es/es/alquiler/vivienda/valencia-capital/el-mercat/184738437/d","Flat",2000,"El Mercat","46001",39.4728146000972,-0.380238346039494,"4",100,NA,"No","Sí",20
184738435,"https://www.fotocasa.es/es/alquiler/vivienda/valencia-capital/el-mercat/184738435/d","Flat",2000,"El Mercat","46001",39.4726902347827,-0.38013844638084,"5",100,NA,"No","Sí",20
177916683,"https://www.fotocasa.es/es/alquiler/vivienda/valencia-capital/aire-acondicionado-calefaccion-terraza-ascensor-amueblado/177916683/d","Attic",1700,"El Mercat","46001",39.4732073639512,-0.37857712112072,"2",80,"1","Sí","Sí",21.25
182944511,"https://www.fotocasa.es/es/alquiler/vivienda/valencia-capital/ascensor/182944511/d","Flat",1600,"El Mercat","46001",39.4721668779004,-0.377533938784346,"2",65,"1","Sí","Sí",24.6153846153846
184987410,"https://www.fotocasa.es/es/alquiler/vivienda/valencia-capital/ascensor-amueblado/184987410/d","Flat",975,"El Mercat","46001",39.4723120199884,-0.377308101228689,"1",65,"1","Sí","No",15
184098064,"https://www.fotocasa.es/es/alquiler/vivienda/valencia-capital/aire-acondicionado-ascensor-amueblado-internet/184098064/d","Apartment",1200,"El Mercat","46001",39.4737427835013,-0.377198393315412,"1",50,"1","Sí","No",24
184738880,"https://www.fotocasa.es/es/alquiler/vivienda/valencia-capital/aire-acondicionado-calefaccion-television/184738880/d","Flat",1300,"El Mercat","46001",39.4723015303007,-0.37845494535051,"1",69,NA,"No","No",18.8405797101449
178083441,"https://www.fotocasa.es/es/alquiler/vivienda/valencia-capital/aire-acondicionado-calefaccion-terraza-ascensor-no-amueblado/178083441/d","Flat",2600,"El Mercat","46001",39.4736271268699,-0.380167257875336,"5",186,"2","Sí","Sí",13.9784946236559
181844550,"https://www.fotocasa.es/es/alquiler/vivienda/valencia-capital/aire-acondicionado-calefaccion-terraza-ascensor/181844550/d","Flat",1100,"El Mercat","46001",39.4736344875666,-0.376986001354335,"1",65,"1","Sí","Sí",16.9230769230769
161225017,"https://www.fotocasa.es/es/alquiler/vivienda/valencia-capital/aire-acondicionado-calefaccion-parking-ascensor-amueblado/161225017/d","Flat",2500,"Sant Francesc","46002",39.4733501277707,-0.37482631272728,"2",120,"2","Sí","No",20.8333333333333
184228322,"https://www.fotocasa.es/es/alquiler/vivienda/valencia-capital/aire-acondicionado-calefaccion-terraza-ascensor-amueblado-se-aceptan-mascotas/184228322/d","Flat",1500,"Sant Francesc","46002",39.4724397935677,-0.375915565483077,"3",120,"2","Sí","Sí",12.5
185120150,"https://www.fotocasa.es/es/alquiler/vivienda/valencia-capital/amueblado/185120150/d","Flat",1400,"Sant Francesc","46002",39.4716167720807,-0.373569765557281,"1",80,"1","No","No",17.5
185087062,"https://www.fotocasa.es/es/alquiler/vivienda/valencia-capital/aire-acondicionado-no-amueblado/185087062/d","Flat",2000,"Sant Francesc","46001",39.4699747825686,-0.378975844297779,"4",135,"2","No","Sí",14.8148148148148
176570648,"https://www.fotocasa.es/es/alquiler/vivienda/valencia-capital/aire-acondicionado-calefaccion-ascensor-amueblado-television/176570648/d","Loft",1050,"Sant Francesc","46002",39.4713435428342,-0.37484313777558,"1",48,"1","Sí","No",21.875
185019203,"https://www.fotocasa.es/es/alquiler/vivienda/valencia-capital/aire-acondicionado-calefaccion-jardin-terraza-ascensor-piscina/185019203/d","Flat",2000,"Sant Francesc","46002",39.47023615,-0.37679835,"4",127,"2","Sí","Sí",15.748031496063
185012718,"https://www.fotocasa.es/es/alquiler/vivienda/valencia-capital/aire-acondicionado-calefaccion-jardin-terraza-ascensor-piscina/185012718/d","Flat",1500,"Sant Francesc","46002",39.47023615,-0.37679835,"2",65,"2","Sí","No",23.0769230769231
184988782,"https://www.fotocasa.es/es/alquiler/vivienda/valencia-capital/aire-acondicionado-calefaccion-ascensor/184988782/d","Flat",1400,"Sant Francesc","46002",39.470229186,-0.37162405,"3",113,"2","Sí","No",12.3893805309735
185080163,"https://www.fotocasa.es/es/alquiler/vivienda/valencia-capital/aire-acondicionado-terraza-ascensor-amueblado/185080163/d","Loft",995,"Sant Francesc","46002",39.470197,-0.3731067,"1",37,"1","Sí","No",26.8918918918919
184478758,"https://www.fotocasa.es/es/alquiler/vivienda/valencia-capital/aire-acondicionado-calefaccion-jardin-terraza-ascensor-piscina/184478758/d","Flat",2700,"Sant Francesc","46002",39.47023615,-0.37679835,"4",160,"2","Sí","Sí",16.875
185139419,"https://www.fotocasa.es/es/alquiler/vivienda/valencia-capital/aire-acondicionado-calefaccion-ascensor/185139419/d","Flat",2500,"Sant Francesc","46002",39.4692842161688,-0.373947780781266,"2",107,"2","Sí","Sí",23.3644859813084
184968940,"https://www.fotocasa.es/es/alquiler/vivienda/valencia-capital/aire-acondicionado-calefaccion-terraza-trastero-ascensor-amueblado/184968940/d","Flat",2200,"Sant Francesc","46002",39.4688204089653,-0.37598804469183,"3",119,"2","Sí","Sí",18.4873949579832
184514591,"https://www.fotocasa.es/es/alquiler/vivienda/valencia-capital/aire-acondicionado-calefaccion-terraza-ascensor/184514591/d","Attic",2600,"Sant Francesc","46004",39.468871497,-0.372495416,"3",131,"2","Sí","Sí",19.8473282442748
184845650,"https://www.fotocasa.es/es/alquiler/vivienda/valencia-capital/aire-acondicionado-calefaccion-ascensor-amueblado/184845650/d","Flat",4000,"Sant Francesc","46002",39.470648,-0.3778521,"3",220,"3","Sí","No",18.1818181818182
185130972,"https://www.fotocasa.es/es/alquiler/vivienda/valencia-capital/aire-acondicionado-calefaccion-amueblado/185130972/d","Loft",1050,"Sant Francesc","46002",39.4737122971736,-0.375575255644683,NA,55,"1","No","No",19.0909090909091
185016107,"https://www.fotocasa.es/es/alquiler/vivienda/valencia-capital/aire-acondicionado-calefaccion-ascensor-amueblado-television-internet/185016107/d","Flat",2995,"Sant Francesc","46002",39.4684481188531,-0.376139167369096,"4",168,"2","Sí","Sí",17.827380952381
183494629,"https://www.fotocasa.es/es/alquiler/vivienda/valencia-capital/aire-acondicionado-calefaccion-terraza-ascensor-television/183494629/d","Attic",2700,"Sant Francesc","46002",39.4719553223221,-0.376392885299503,"3",126,"2","Sí","No",21.4285714285714
163917183,"https://www.fotocasa.es/es/alquiler/vivienda/valencia-capital/aire-acondicionado-calefaccion-terraza-amueblado/163917183/d","Attic",1750,"Sant Francesc","46002",39.4713716,-0.3754456,"2",105,"2","No","No",16.6666666666667
185018195,"https://www.fotocasa.es/es/alquiler/vivienda/valencia-capital/aire-acondicionado-calefaccion-terraza-ascensor-amueblado/185018195/d","Apartment",1950,"Sant Francesc","46001",39.4701187903637,-0.379610785558092,"3",160,"2","Sí","No",12.1875
179107879,"https://www.fotocasa.es/es/alquiler/vivienda/valencia-capital/aire-acondicionado-calefaccion-parking-ascensor-amueblado/179107879/d","Flat",2450,"Sant Francesc","46002",39.4724816356637,-0.376225289890313,"2",90,"2","Sí","Sí",27.2222222222222
176728254,"https://www.fotocasa.es/es/alquiler/vivienda/valencia-capital/aire-acondicionado-calefaccion/176728254/d","Flat",2700,"Sant Francesc","46003",39.4717727815608,-0.37091050663842,"2",157,"2","No","Sí",17.1974522292994
185114524,"https://www.fotocasa.es/es/alquiler/vivienda/valencia-capital/aire-acondicionado-calefaccion-ascensor/185114524/d","Flat",2500,"Sant Francesc","46001",39.4730226076675,-0.377700586087894,"3",135,"2","Sí","No",18.5185185185185
184298075,"https://www.fotocasa.es/es/alquiler/vivienda/valencia-capital/aire-acondicionado-calefaccion-ascensor/184298075/d","Apartment",1350,"Sant Francesc","46002",39.4704570779015,-0.373436236525453,"2",102,"1","Sí","No",13.2352941176471
184709090,"https://www.fotocasa.es/es/alquiler/vivienda/valencia-capital/calefaccion-terraza-trastero-amueblado/184709090/d","Flat",1600,"Sant Francesc","46001",39.4708459957978,-0.379105878827644,"2",85,"1","No","No",18.8235294117647
184871119,"https://www.fotocasa.es/es/alquiler/vivienda/valencia-capital/aire-acondicionado-calefaccion-ascensor/184871119/d","Attic",1300,"Sant Francesc","46002",39.4703966318416,-0.372051381951553,NA,30,"1","Sí","No",43.3333333333333
184098910,"https://www.fotocasa.es/es/alquiler/vivienda/valencia-capital/aire-acondicionado-calefaccion-ascensor-amueblado/184098910/d","Loft",1300,"Sant Francesc","46002",39.4707662192313,-0.375489763142609,NA,29,"1","Sí","No",44.8275862068966
185167227,"https://www.fotocasa.es/es/alquiler/vivienda/valencia-capital/aire-acondicionado-calefaccion-ascensor-amueblado/185167227/d","Flat",1300,"Sant Francesc","46002",39.4705181,-0.3773028,"1",51,"1","Sí","No",25.4901960784314
185021940,"https://www.fotocasa.es/es/alquiler/vivienda/valencia-capital/aire-acondicionado-ascensor/185021940/d","Flat",1500,"Sant Francesc","46001",39.4699396285648,-0.37866021278713,"3",110,"2","Sí","Sí",13.6363636363636
183313757,"https://www.fotocasa.es/es/alquiler/vivienda/valencia-capital/aire-acondicionado-calefaccion-parking-ascensor-no-amueblado/183313757/d","Apartment",1900,"Sant Francesc","46002",39.4708023726832,-0.373251661836726,"3",133,"2","Sí","Sí",14.2857142857143
184725542,"https://www.fotocasa.es/es/alquiler/vivienda/valencia-capital/aire-acondicionado-calefaccion-terraza/184725542/d","Duplex",1850,"Sant Francesc","46003",39.4718131370895,-0.371662933424668,"2",60,"1","No","No",30.8333333333333
184481012,"https://www.fotocasa.es/es/alquiler/vivienda/valencia-capital/aire-acondicionado-calefaccion-parking-terraza-trastero-ascensor-amueblado/184481012/d","Flat",1800,"Sant Francesc","46002",39.4688826850023,-0.37444131183807,"1",55,"1","Sí","Sí",32.7272727272727
185081550,"https://www.fotocasa.es/es/alquiler/vivienda/valencia-capital/aire-acondicionado-calefaccion-terraza-ascensor/185081550/d","Study",2200,"Sant Francesc","46002",39.4688016996231,-0.377306693220849,"1",50,"1","Sí","No",44
185102779,"https://www.fotocasa.es/es/alquiler/vivienda/valencia-capital/aire-acondicionado-ascensor-amueblado/185102779/d","Flat",850,"Sant Francesc","46002",39.4702598318227,-0.372928038557452,"1",37,"1","Sí","No",22.972972972973
183354632,"https://www.fotocasa.es/es/alquiler/vivienda/valencia-capital/aire-acondicionado-calefaccion-ascensor-amueblado/183354632/d","Flat",1600,"Sant Francesc","46002",39.4691572,-0.3740784,"2",75,"2","Sí","Sí",21.3333333333333
184614868,"https://www.fotocasa.es/es/alquiler/vivienda/valencia-capital/aire-acondicionado-calefaccion-parking-ascensor/184614868/d","Apartment",1700,"Sant Francesc","46002",39.4689170431147,-0.375043255074254,"1",59,"1","Sí","Sí",28.8135593220339
183495160,"https://www.fotocasa.es/es/alquiler/vivienda/valencia-capital/aire-acondicionado-calefaccion-parking-terraza-ascensor-no-amueblado/183495160/d","Attic",2800,"Sant Francesc","46002",39.4688735677284,-0.375314926298362,"2",78,"2","Sí","Sí",35.8974358974359
184271709,"https://www.fotocasa.es/es/alquiler/vivienda/valencia-capital/aire-acondicionado-ascensor-amueblado-television-internet/184271709/d","Flat",1400,"Sant Francesc","46002",39.4705458,-0.37219,"1",60,"1","Sí","No",23.3333333333333
184378706,"https://www.fotocasa.es/es/alquiler/vivienda/valencia-capital/aire-acondicionado-calefaccion-ascensor/184378706/d","Flat",1800,"Sant Francesc","46002",39.4719693051946,-0.377334733794796,"2",126,"1","Sí","No",14.2857142857143
184863971,"https://www.fotocasa.es/es/alquiler/vivienda/valencia-capital/ascensor/184863971/d","Study",1300,"Sant Francesc","46002",39.4705458,-0.37219,"1",30,"1","Sí","No",43.3333333333333
183985807,"https://www.fotocasa.es/es/alquiler/vivienda/valencia-capital/aire-acondicionado-calefaccion-ascensor-amueblado/183985807/d","Flat",2200,"Sant Francesc","46002",39.4682435329156,-0.376996372444625,"1",59,"1","Sí","No",37.2881355932203
185106476,"https://www.fotocasa.es/es/alquiler/vivienda/valencia-capital/aire-acondicionado-calefaccion-amueblado/185106476/d","Apartment",1600,"Sant Francesc","46001",39.4722757352999,-0.377930677513606,"2",85,"1","No","Sí",18.8235294117647
184653455,"https://www.fotocasa.es/es/alquiler/vivienda/valencia-capital/aire-acondicionado-terraza/184653455/d","Duplex",1850,"Sant Francesc","46003",39.4712979749249,-0.370291324131991,"2",91,"1","No","No",20.3296703296703
183566202,"https://www.fotocasa.es/es/alquiler/vivienda/valencia-capital/aire-acondicionado-ascensor/183566202/d","Apartment",2300,"Sant Francesc","46002",39.4725294263596,-0.372914027642637,"2",123,"3","Sí","No",18.6991869918699
185013805,"https://www.fotocasa.es/es/alquiler/vivienda/valencia-capital/amueblado/185013805/d","Flat",1600,"Sant Francesc","46001",39.4710193616893,-0.378899114259497,"2",84,"1","No","Sí",19.047619047619
184435869,"https://www.fotocasa.es/es/alquiler/vivienda/valencia-capital/aire-acondicionado-calefaccion-no-amueblado/184435869/d","Flat",2900,"Sant Francesc","46002",39.4704313078087,-0.378131086262224,"3",110,"2","No","No",26.3636363636364
184722350,"https://www.fotocasa.es/es/alquiler/vivienda/valencia-capital/aire-acondicionado-calefaccion-parking-ascensor-amueblado/184722350/d","Flat",1750,"Sant Francesc","46002",39.4684128581064,-0.378624417582405,"2",85,"2","Sí","No",20.5882352941176
183881707,"https://www.fotocasa.es/es/alquiler/vivienda/valencia-capital/aire-acondicionado-calefaccion-parking-terraza-ascensor/183881707/d","Attic",2800,"Sant Francesc","46002",39.4689953383109,-0.375156714915935,"2",126,"2","Sí","No",22.2222222222222
181774238,"https://www.fotocasa.es/es/alquiler/vivienda/valencia-capital/aire-acondicionado-amueblado/181774238/d","Flat",1500,"Sant Francesc","46002",39.4711542686058,-0.373732223241902,"2",90,"1","No","Sí",16.6666666666667
184464147,"https://www.fotocasa.es/es/alquiler/vivienda/valencia-capital/aire-acondicionado-ascensor/184464147/d","Flat",900,"Sant Francesc","46002",39.4714986985085,-0.375918017767323,"1",55,"1","Sí","No",16.3636363636364
183015358,"https://www.fotocasa.es/es/alquiler/vivienda/valencia-capital/aire-acondicionado-calefaccion-terraza-ascensor-amueblado/183015358/d","Flat",2800,"Sant Francesc","46002",39.4693718918945,-0.378232411983526,"5",238,"3","Sí","No",11.7647058823529
184293868,"https://www.fotocasa.es/es/alquiler/vivienda/valencia-capital/aire-acondicionado-calefaccion-terraza-ascensor/184293868/d","Flat",1600,"Sant Francesc","46002",39.4715492143914,-0.37729578916986,"1",56,"1","Sí","No",28.5714285714286
183946794,"https://www.fotocasa.es/es/alquiler/vivienda/valencia-capital/calefaccion-terraza-ascensor/183946794/d","Flat",2100,"Sant Francesc","46002",39.4702926187372,-0.376645407808392,"4",136,"2","Sí","No",15.4411764705882
182669468,"https://www.fotocasa.es/es/alquiler/vivienda/valencia-capital/aire-acondicionado-amueblado/182669468/d","Flat",2000,"Sant Francesc","46002",39.4692712943571,-0.375346724297381,"2",50,"2","No","No",40
185101274,"https://www.fotocasa.es/es/alquiler/vivienda/valencia-capital/ascensor-se-aceptan-mascotas/185101274/d","Apartment",2000,"Sant Francesc","46002",39.4711781314627,-0.379744896156374,"3",115,"2","Sí","Sí",17.3913043478261
165377780,"https://www.fotocasa.es/es/alquiler/vivienda/valencia-capital/aire-acondicionado-calefaccion-terraza-amueblado/165377780/d","Attic",1850,"Sant Francesc","46002",39.4708708832615,-0.374486815030508,"2",110,"2","No","Sí",16.8181818181818
184736514,"https://www.fotocasa.es/es/alquiler/vivienda/valencia-capital/aire-acondicionado-calefaccion-television/184736514/d","Flat",1800,"Sant Francesc","46002",39.4721384444881,-0.37561713405915,"2",60,NA,"No","No",30
184735968,"https://www.fotocasa.es/es/alquiler/vivienda/valencia-capital/aire-acondicionado-calefaccion-television-internet/184735968/d","Flat",1400,"Sant Francesc","46002",39.4721974912993,-0.375841089364325,"1",61,NA,"No","No",22.9508196721311
184735650,"https://www.fotocasa.es/es/alquiler/vivienda/valencia-capital/aire-acondicionado-calefaccion-television/184735650/d","Flat",1450,"Sant Francesc","46002",39.4721325605934,-0.375870591137915,"1",70,NA,"No","No",20.7142857142857
184735357,"https://www.fotocasa.es/es/alquiler/vivienda/valencia-capital/aire-acondicionado-calefaccion-television/184735357/d","Flat",2200,"Sant Francesc","46002",39.471925669687,-0.375582269728941,"2",77,NA,"No","No",28.5714285714286
184735306,"https://www.fotocasa.es/es/alquiler/vivienda/valencia-capital/aire-acondicionado-calefaccion-television-internet/184735306/d","Flat",1850,"Sant Francesc","46002",39.4721009384746,-0.375830605076441,"2",98,NA,"No","No",18.8775510204082
184735204,"https://www.fotocasa.es/es/alquiler/vivienda/valencia-capital/aire-acondicionado-calefaccion-television-internet/184735204/d","Flat",1300,"Sant Francesc","46002",39.4720491444804,-0.37564381328157,"1",56,NA,"No","No",23.2142857142857
185111197,"https://www.fotocasa.es/es/alquiler/vivienda/valencia-capital/aire-acondicionado-calefaccion-amueblado-television-internet/185111197/d","Flat",1300,"Sant Francesc","46002",39.4719894415053,-0.375662410879189,"1",65,NA,"No","No",20
184738127,"https://www.fotocasa.es/es/alquiler/vivienda/valencia-capital/aire-acondicionado-television/184738127/d","Flat",2230,"Sant Francesc","46002",39.4724117032009,-0.375686183146187,"2",75,NA,"No","No",29.7333333333333
181920458,"https://www.fotocasa.es/es/alquiler/vivienda/valencia-capital/parking-ascensor/181920458/d","Flat",1400,"Sant Francesc","46002",39.4703425935775,-0.371619192275168,"3",130,"2","Sí","No",10.7692307692308
183488171,"https://www.fotocasa.es/es/alquiler/vivienda/valencia-capital/aire-acondicionado-parking-terraza-ascensor/183488171/d","Attic",2800,"Sant Francesc","46002",39.4685410890318,-0.376460470190995,"2",80,"2","Sí","No",35
181757338,"https://www.fotocasa.es/es/alquiler/vivienda/valencia-capital/aire-acondicionado-amueblado-television-se-aceptan-mascotas/181757338/d","Flat",1500,"Sant Francesc","46002",39.4685755664468,-0.372284447522948,"2",95,"1","No","Sí",15.7894736842105
183193546,"https://www.fotocasa.es/es/alquiler/vivienda/valencia-capital/aire-acondicionado-ascensor-amueblado-internet/183193546/d","Apartment",2050,"Sant Francesc","46002",39.4728194878899,-0.37726203153271,"2",98,"1","Sí","No",20.9183673469388
184239933,"https://www.fotocasa.es/es/alquiler/vivienda/valencia-capital/aire-acondicionado-ascensor-amueblado-internet/184239933/d","Apartment",1600,"Sant Francesc","46002",39.4718489028377,-0.375963693565366,"1",70,"1","Sí","No",22.8571428571429
183193491,"https://www.fotocasa.es/es/alquiler/vivienda/valencia-capital/aire-acondicionado-ascensor-amueblado-internet/183193491/d","Apartment",1950,"Sant Francesc","46002",39.4700772756457,-0.375989294358043,"2",60,"1","Sí","No",32.5
183193278,"https://www.fotocasa.es/es/alquiler/vivienda/valencia-capital/aire-acondicionado-ascensor-amueblado-internet/183193278/d","Apartment",1650,"Sant Francesc","46002",39.4728765266084,-0.374304018016955,"1",55,"1","Sí","No",30
185111194,"https://www.fotocasa.es/es/alquiler/vivienda/valencia-capital/aire-acondicionado-amueblado-television-internet/185111194/d","Flat",1150,"Sant Francesc","46002",39.468147036172,-0.375858575602575,NA,35,NA,"No","Sí",32.8571428571429
183805755,"https://www.fotocasa.es/es/alquiler/vivienda/valencia-capital/sant-francesc/183805755/d","Flat",1350,"Sant Francesc","46002",39.4700014707242,-0.372947715180059,"2",80,"1","No","No",16.875
184736399,"https://www.fotocasa.es/es/alquiler/vivienda/valencia-capital/aire-acondicionado-calefaccion-television/184736399/d","Flat",1400,"Sant Francesc","46002",39.4719024762443,-0.375582449762016,NA,50,NA,"No","No",28
182658691,"https://www.fotocasa.es/es/alquiler/vivienda/valencia-capital/aire-acondicionado/182658691/d","Apartment",1950,"Sant Francesc","46002",39.4681663701503,-0.375458049367943,"2",89,"1","No","Sí",21.9101123595506
183740616,"https://www.fotocasa.es/es/alquiler/vivienda/valencia-capital/ascensor/183740616/d","Flat",3200,"Sant Francesc","46002",39.4692573104912,-0.377635913611299,"1",160,"1","Sí","No",20
184895861,"https://www.fotocasa.es/es/alquiler/vivienda/valencia-capital/terraza-ascensor-amueblado/184895861/d","Flat",1690,"Sant Francesc","46001",39.4697128360403,-0.380233426257281,"4",98,"2","Sí","No",17.2448979591837
184927105,"https://www.fotocasa.es/es/alquiler/vivienda/valencia-capital/aire-acondicionado-calefaccion-parking-amueblado-television-se-aceptan-mascotas/184927105/d","Flat",2100,"Sant Francesc","46002",39.4709081773028,-0.377382911246664,"2",65,NA,"No","Sí",32.3076923076923
162158955,"https://www.fotocasa.es/es/alquiler/vivienda/valencia-capital/aire-acondicionado-calefaccion-ascensor-amueblado/162158955/d","Flat",2700,"Sant Francesc","46002",39.4743250580297,-0.376462126922287,"2",150,"2","Sí","No",18
184735061,"https://www.fotocasa.es/es/alquiler/vivienda/valencia-capital/internet/184735061/d","Flat",1000,"Sant Francesc","46002",39.4732066512596,-0.375438185108697,NA,50,NA,"No","No",20
184797581,"https://www.fotocasa.es/es/alquiler/vivienda/valencia-capital/aire-acondicionado-calefaccion-internet/184797581/d","House_Chalet",1550,"Sant Francesc","46001",39.4713278823839,-0.379740016049075,NA,50,NA,"No","No",31
184736072,"https://www.fotocasa.es/es/alquiler/vivienda/valencia-capital/aire-acondicionado-calefaccion-television-internet/184736072/d","Flat",1400,"Sant Francesc","46002",39.4718816151908,-0.375673463417345,"1",65,NA,"No","Sí",21.5384615384615
184735167,"https://www.fotocasa.es/es/alquiler/vivienda/valencia-capital/aire-acondicionado-calefaccion-television-internet/184735167/d","Flat",1600,"Sant Francesc","46002",39.4722121926247,-0.37572018527354,"1",62,NA,"No","No",25.8064516129032
156048239,"https://www.fotocasa.es/es/alquiler/vivienda/valencia-capital/aire-acondicionado-calefaccion-parking-ascensor-amueblado/156048239/d","Flat",1600,"Sant Francesc","46002",39.469962713204,-0.371147672108385,"2",82,"1","Sí","No",19.5121951219512
184734730,"https://www.fotocasa.es/es/alquiler/vivienda/valencia-capital/television-internet-no-amueblado/184734730/d","Flat",1000,"Sant Francesc","46002",39.4702349113778,-0.372529406651474,NA,50,NA,"No","No",20
184752438,"https://www.fotocasa.es/es/alquiler/vivienda/valencia-capital/aire-acondicionado-parking-terraza-ascensor/184752438/d","Attic",2800,"Sant Francesc","46002",39.4689675081216,-0.375089280389449,"2",103,"2","Sí","No",27.1844660194175
179428429,"https://www.fotocasa.es/es/alquiler/vivienda/valencia-capital/aire-acondicionado-calefaccion-ascensor-amueblado/179428429/d","Flat",850,"Sant Francesc","46001",39.4715803547401,-0.379584520899418,"1",70,"1","Sí","No",12.1428571428571
164898803,"https://www.fotocasa.es/es/alquiler/vivienda/valencia-capital/aire-acondicionado-calefaccion-ascensor-amueblado/164898803/d","Flat",1700,"Sant Francesc","46001",39.4713916966985,-0.377228916878552,"2",70,"1","Sí","No",24.2857142857143
185114035,"https://www.fotocasa.es/es/alquiler/vivienda/valencia-capital/aire-acondicionado-calefaccion-parking-ascensor-no-amueblado/185114035/d","Flat",3000,"Sant Francesc","46002",39.4696000957339,-0.378993023388887,"3",186,"2","Sí","No",16.1290322580645
155492084,"https://www.fotocasa.es/es/alquiler/vivienda/valencia-capital/aire-acondicionado-calefaccion-parking-terraza-trastero-ascensor-amueblado/155492084/d","Attic",3300,"Sant Francesc","46002",39.4742216759294,-0.376492105079245,"2",185,"2","Sí","Sí",17.8378378378378
183359140,"https://www.fotocasa.es/es/alquiler/vivienda/valencia-capital/aire-acondicionado-terraza-ascensor/183359140/d","Attic",2900,"Sant Francesc","46001",39.4723043401391,-0.377998314656863,"4",320,"1","Sí","No",9.0625
183638067,"https://www.fotocasa.es/es/alquiler/vivienda/valencia-capital/aire-acondicionado-ascensor/183638067/d","Flat",4200,"Sant Francesc","46002",39.468682516543,-0.377661771143025,"5",236,"3","Sí","No",17.7966101694915
184736346,"https://www.fotocasa.es/es/alquiler/vivienda/valencia-capital/aire-acondicionado-calefaccion-se-aceptan-mascotas/184736346/d","Flat",2400,"Sant Francesc","46003",39.4722170766028,-0.370691339426463,"2",120,NA,"No","Sí",20
183203857,"https://www.fotocasa.es/es/alquiler/vivienda/valencia-capital/aire-acondicionado-ascensor-amueblado/183203857/d","Flat",2200,"Sant Francesc","46002",39.468945761329,-0.379179513079042,"5",220,"3","Sí","Sí",10
183815170,"https://www.fotocasa.es/es/alquiler/vivienda/valencia-capital/aire-acondicionado-terraza-ascensor/183815170/d","Flat",1560,"Sant Francesc","46002",39.4714884557822,-0.376917041465699,"3",110,"2","Sí","No",14.1818181818182
183832775,"https://www.fotocasa.es/es/alquiler/vivienda/valencia-capital/aire-acondicionado-calefaccion-parking-terraza-ascensor-amueblado/183832775/d","Flat",1660,"Sant Francesc","46002",39.4711172535626,-0.377331379831989,"3",110,"2","Sí","Sí",15.0909090909091
182659812,"https://www.fotocasa.es/es/alquiler/vivienda/valencia-capital/aire-acondicionado/182659812/d","Flat",1850,"Sant Francesc","46002",39.4692407947607,-0.374953113704006,"2",89,"1","No","Sí",20.7865168539326
184089466,"https://www.fotocasa.es/es/alquiler/vivienda/valencia-capital/aire-acondicionado-calefaccion-ascensor-amueblado/184089466/d","Flat",1000,"Sant Francesc","46002",39.4729825003298,-0.377945867200595,"1",40,"1","Sí","No",25
185111913,"https://www.fotocasa.es/es/alquiler/vivienda/valencia-capital/aire-acondicionado-calefaccion-ascensor-no-amueblado/185111913/d","Flat",2600,"Sant Francesc","46002",39.4699075,-0.3762881,"4",186,"3","Sí","Sí",13.9784946236559
185113185,"https://www.fotocasa.es/es/alquiler/vivienda/valencia-capital/aire-acondicionado-calefaccion-terraza-ascensor/185113185/d","Attic",1300,"Sant Francesc","46002",39.4682342604004,-0.3747526047306,"1",75,"1","Sí","No",17.3333333333333
176393443,"https://www.fotocasa.es/es/alquiler/vivienda/valencia-capital/aire-acondicionado-calefaccion-parking-trastero-ascensor/176393443/d","Flat",2500,"Sant Francesc","46002",39.4731834751462,-0.374863464726837,"2",115,"2","Sí","Sí",21.7391304347826
184130841,"https://www.fotocasa.es/es/alquiler/vivienda/valencia-capital/ascensor-se-aceptan-mascotas-no-amueblado/184130841/d","Flat",3400,"Sant Francesc","46002",39.4710968,-0.3762516,NA,176,"1","Sí","No",19.3181818181818
185060863,"https://www.fotocasa.es/es/alquiler/vivienda/valencia-capital/ascensor-no-amueblado/185060863/d","Flat",3000,"Sant Francesc","46002",39.4733233214658,-0.375581707445246,"6",160,"2","Sí","No",18.75
183498084,"https://www.fotocasa.es/es/alquiler/vivienda/valencia-capital/aire-acondicionado-parking-ascensor-no-amueblado/183498084/d","Apartment",1350,"Sant Francesc","46002",39.4701630611594,-0.373068537769576,"1",50,"1","Sí","No",27
183498199,"https://www.fotocasa.es/es/alquiler/vivienda/valencia-capital/aire-acondicionado-ascensor-no-amueblado/183498199/d","Flat",1350,"Sant Francesc","46002",39.4703811639747,-0.37292200650632,"2",50,"1","Sí","No",27
182912127,"https://www.fotocasa.es/es/alquiler/vivienda/valencia-capital/aire-acondicionado/182912127/d","Flat",1800,"Sant Francesc","46002",39.4700639715094,-0.372836952348292,"2",80,"1","No","No",22.5
