"","id","url","buildingType","buildingSubtype","rawPrice","address.country","address.district","address.neighborhood","address.zipCode","address.municipality","address.province","address.city","address.cityZone","address.county","address.regionLevel1","address.regionLevel2","address.upperLevel","latitude","longitude","rooms","surface","bathrooms","elevator","balcony"
"1",185017685,"https://www.fotocasa.es/es/alquiler/vivienda/valencia-capital/aire-acondicionado-calefaccion-terraza-amueblado/185017685/d","Flat","Flat",1750,"España","Ciutat Vella ","El Mercat","46001"," Valencia Capital","Valencia"," Valencia Capital",NA,"Valencia, Zona de ","Comunitat Valenciana","Valencia","El Mercat",39.4721109456204,-0.378097823646862,3,80,1,NA,32
"2",183190600,"https://www.fotocasa.es/es/alquiler/vivienda/valencia-capital/calefaccion-ascensor/183190600/d","Flat","Flat",1950,"España","Ciutat Vella ","El Mercat","46001"," Valencia Capital","Valencia"," Valencia Capital",NA,"Valencia, Zona de ","Comunitat Valenciana","Valencia","El Mercat",39.4722137906081,-0.379177176532753,6,197,2,13,32
"3",184969263,"https://www.fotocasa.es/es/alquiler/vivienda/valencia-capital/aire-acondicionado-calefaccion-ascensor/184969263/d","Flat","Flat",1600,"España","Ciutat Vella ","El Mercat","46001"," Valencia Capital","Valencia"," Valencia Capital",NA,"Valencia, Zona de ","Comunitat Valenciana","Valencia","El Mercat",39.4764214382596,-0.379767139046066,1,83,1,13,32
"4",185082339,"https://www.fotocasa.es/es/alquiler/vivienda/valencia-capital/aire-acondicionado-calefaccion-ascensor/185082339/d","Flat","Flat",1600,"España","Ciutat Vella ","El Mercat","46001"," Valencia Capital","Valencia"," Valencia Capital",NA,"Valencia, Zona de ","Comunitat Valenciana","Valencia","El Mercat",39.4764398674591,-0.379347041285509,1,72,1,13,32
"5",185116667,"https://www.fotocasa.es/es/alquiler/vivienda/valencia-capital/aire-acondicionado-calefaccion-ascensor/185116667/d","Flat","Flat",1000,"España","Ciutat Vella ","El Mercat","46001"," Valencia Capital","Valencia"," Valencia Capital",NA,"Valencia, Zona de ","Comunitat Valenciana","Valencia","El Mercat",39.471771401272,-0.377850769022494,1,60,1,13,NA
"6",185100405,"https://www.fotocasa.es/es/alquiler/vivienda/valencia-capital/aire-acondicionado-calefaccion-terraza-ascensor-amueblado/185100405/d","Flat","Attic",1800,"España","Ciutat Vella ","El Mercat","46001"," Valencia Capital","Valencia"," Valencia Capital",NA,"Valencia, Zona de ","Comunitat Valenciana","Valencia","El Mercat",39.47238241543,-0.378942134431453,2,65,2,13,NA
"7",184836177,"https://www.fotocasa.es/es/alquiler/vivienda/valencia-capital/aire-acondicionado-calefaccion-ascensor/184836177/d","Flat","Flat",1400,"España","Ciutat Vella ","El Mercat","46001"," Valencia Capital","Valencia"," Valencia Capital",NA,"Valencia, Zona de ","Comunitat Valenciana","Valencia","El Mercat",39.4735744811531,-0.377851665464806,1,49,1,13,32
"8",184009627,"https://www.fotocasa.es/es/alquiler/vivienda/valencia-capital/aire-acondicionado-calefaccion-terraza-ascensor-amueblado/184009627/d","Flat","Flat",1500,"España","Ciutat Vella ","El Mercat","46001"," Valencia Capital","Valencia"," Valencia Capital",NA,"Valencia, Zona de ","Comunitat Valenciana","Valencia","El Mercat",39.4723067838245,-0.37855196276952,1,50,1,13,NA
"9",185107067,"https://www.fotocasa.es/es/alquiler/vivienda/valencia-capital/aire-acondicionado-calefaccion-ascensor-amueblado/185107067/d","Flat","Apartment",1800,"España","Ciutat Vella ","El Mercat","46001"," Valencia Capital","Valencia"," Valencia Capital",NA,"Valencia, Zona de ","Comunitat Valenciana","Valencia","El Mercat",39.4720892662254,-0.377476213366839,1,75,1,13,32
"10",182814637,"https://www.fotocasa.es/es/alquiler/vivienda/valencia-capital/aire-acondicionado-calefaccion/182814637/d","Flat","Flat",3000,"España","Ciutat Vella ","El Mercat","46001"," Valencia Capital","Valencia"," Valencia Capital",NA,"Valencia, Zona de ","Comunitat Valenciana","Valencia","El Mercat",39.4762264237811,-0.379866715567885,3,200,2,NA,32
"11",184258786,"https://www.fotocasa.es/es/alquiler/vivienda/valencia-capital/calefaccion-ascensor-amueblado-se-aceptan-mascotas/184258786/d","Flat","Flat",2000,"España","Ciutat Vella ","El Mercat","46001"," Valencia Capital","Valencia"," Valencia Capital",NA,"Valencia, Zona de ","Comunitat Valenciana","Valencia","El Mercat",39.473853934028,-0.380365112711831,4,136,2,13,32
"12",184751343,"https://www.fotocasa.es/es/alquiler/vivienda/valencia-capital/aire-acondicionado-calefaccion-ascensor/184751343/d","Flat","Flat",1300,"España","Ciutat Vella ","El Mercat","46001"," Valencia Capital","Valencia"," Valencia Capital",NA,"Valencia, Zona de ","Comunitat Valenciana","Valencia","El Mercat",39.4721583077098,-0.378833029833242,2,75,2,13,NA
"13",182658746,"https://www.fotocasa.es/es/alquiler/vivienda/valencia-capital/aire-acondicionado-calefaccion-ascensor/182658746/d","Flat","Loft",2100,"España","Ciutat Vella ","El Mercat","46001"," Valencia Capital","Valencia"," Valencia Capital",NA,"Valencia, Zona de ","Comunitat Valenciana","Valencia","El Mercat",39.4738949811961,-0.377760131221486,1,60,1,13,32
"14",184390441,"https://www.fotocasa.es/es/alquiler/vivienda/valencia-capital/aire-acondicionado-trastero-ascensor-amueblado-se-aceptan-mascotas/184390441/d","Flat","Apartment",2600,"España","Ciutat Vella ","El Mercat","46001"," Valencia Capital","Valencia"," Valencia Capital",NA,"Valencia, Zona de ","Comunitat Valenciana","Valencia","El Mercat",39.4751352235612,-0.379451540050913,3,118,4,13,32
"15",184922855,"https://www.fotocasa.es/es/alquiler/vivienda/valencia-capital/aire-acondicionado-calefaccion-parking-terraza-ascensor-amueblado-se-aceptan-mascotas/184922855/d","Flat","Apartment",2500,"España","Ciutat Vella ","El Mercat","46001"," Valencia Capital","Valencia"," Valencia Capital",NA,"Valencia, Zona de ","Comunitat Valenciana","Valencia","El Mercat",39.4717539781644,-0.378676113579875,3,148,3,13,NA
"16",184862286,"https://www.fotocasa.es/es/alquiler/vivienda/valencia-capital/aire-acondicionado-amueblado-se-aceptan-mascotas/184862286/d","Flat","Flat",1100,"España","Ciutat Vella ","El Mercat","46001"," Valencia Capital","Valencia"," Valencia Capital",NA,"Valencia, Zona de ","Comunitat Valenciana","Valencia","El Mercat",39.4750572,-0.3801048,1,70,1,NA,32
"17",184413434,"https://www.fotocasa.es/es/alquiler/vivienda/valencia-capital/aire-acondicionado-ascensor-television/184413434/d","Flat","Flat",1900,"España","Ciutat Vella ","El Mercat","46001"," Valencia Capital","Valencia"," Valencia Capital",NA,"Valencia, Zona de ","Comunitat Valenciana","Valencia","El Mercat",39.472922178188,-0.376708163429724,1,76,2,13,32
"18",183895104,"https://www.fotocasa.es/es/alquiler/vivienda/valencia-capital/aire-acondicionado-amueblado/183895104/d","Flat","Flat",1100,"España","Ciutat Vella ","El Mercat","46001"," Valencia Capital","Valencia"," Valencia Capital",NA,"Valencia, Zona de ","Comunitat Valenciana","Valencia","El Mercat",39.4751287511887,-0.377200304520579,2,63,1,NA,32
"19",184126352,"https://www.fotocasa.es/es/alquiler/vivienda/valencia-capital/aire-acondicionado-calefaccion-ascensor/184126352/d","Flat","Apartment",1400,"España","Ciutat Vella ","El Mercat","46001"," Valencia Capital","Valencia"," Valencia Capital",NA,"Valencia, Zona de ","Comunitat Valenciana","Valencia","El Mercat",39.4746697187475,-0.376239752657808,1,85,1,13,32
"20",185045899,"https://www.fotocasa.es/es/alquiler/vivienda/valencia-capital/ascensor/185045899/d","Flat","Apartment",2800,"España","Ciutat Vella ","El Mercat","46001"," Valencia Capital","Valencia"," Valencia Capital",NA,"Valencia, Zona de ","Comunitat Valenciana","Valencia","El Mercat",39.4722855410844,-0.377082046367767,6,243,2,13,32
"21",184715979,"https://www.fotocasa.es/es/alquiler/vivienda/valencia-capital/aire-acondicionado-calefaccion-ascensor/184715979/d","Flat","Attic",1500,"España","Ciutat Vella ","El Mercat","46001"," Valencia Capital","Valencia"," Valencia Capital",NA,"Valencia, Zona de ","Comunitat Valenciana","Valencia","El Mercat",39.4743229954655,-0.37968179135938,1,60,1,13,32
"22",185114531,"https://www.fotocasa.es/es/alquiler/vivienda/valencia-capital/aire-acondicionado-calefaccion-ascensor/185114531/d","Flat","Flat",950,"España","Ciutat Vella ","El Mercat","46001"," Valencia Capital","Valencia"," Valencia Capital",NA,"Valencia, Zona de ","Comunitat Valenciana","Valencia","El Mercat",39.4746247511404,-0.378219689985642,1,52,1,13,NA
"23",184389986,"https://www.fotocasa.es/es/alquiler/vivienda/valencia-capital/aire-acondicionado-trastero-ascensor-se-aceptan-mascotas/184389986/d","Flat","Apartment",2300,"España","Ciutat Vella ","El Mercat","46001"," Valencia Capital","Valencia"," Valencia Capital",NA,"Valencia, Zona de ","Comunitat Valenciana","Valencia","El Mercat",39.4768243812755,-0.38124908838198,3,118,4,13,32
"24",179550663,"https://www.fotocasa.es/es/alquiler/vivienda/valencia-capital/aire-acondicionado-calefaccion/179550663/d","Flat","Flat",1300,"España","Ciutat Vella ","El Mercat","46001"," Valencia Capital","Valencia"," Valencia Capital",NA,"Valencia, Zona de ","Comunitat Valenciana","Valencia","El Mercat",39.4748734874019,-0.376915392241973,1,40,1,NA,32
"25",184927118,"https://www.fotocasa.es/es/alquiler/vivienda/valencia-capital/aire-acondicionado-calefaccion-television/184927118/d","Flat","Flat",1300,"España","Ciutat Vella ","El Mercat","46001"," Valencia Capital","Valencia"," Valencia Capital",NA,"Valencia, Zona de ","Comunitat Valenciana","Valencia","El Mercat",39.4734784590557,-0.377578202564274,NA,39,NA,NA,NA
"26",182661804,"https://www.fotocasa.es/es/alquiler/vivienda/valencia-capital/aire-acondicionado-ascensor/182661804/d","Flat","Flat",2500,"España","Ciutat Vella ","El Mercat","46001"," Valencia Capital","Valencia"," Valencia Capital",NA,"Valencia, Zona de ","Comunitat Valenciana","Valencia","El Mercat",39.4738756858705,-0.380176403369275,2,62,1,13,NA
"27",179086083,"https://www.fotocasa.es/es/alquiler/vivienda/valencia-capital/aire-acondicionado-calefaccion-amueblado/179086083/d","Flat","Flat",1300,"España","Ciutat Vella ","El Mercat","46001"," Valencia Capital","Valencia"," Valencia Capital",NA,"Valencia, Zona de ","Comunitat Valenciana","Valencia","El Mercat",39.4746219883126,-0.379086046352882,1,50,1,NA,32
"28",184911675,"https://www.fotocasa.es/es/alquiler/vivienda/valencia-capital/aire-acondicionado-terraza-ascensor-amueblado/184911675/d","Flat","Attic",2500,"España","Ciutat Vella ","El Mercat","46001"," Valencia Capital","Valencia"," Valencia Capital",NA,"Valencia, Zona de ","Comunitat Valenciana","Valencia","El Mercat",39.471259726695,-0.379298487808975,1,67,1,13,NA
"29",184945996,"https://www.fotocasa.es/es/alquiler/vivienda/valencia-capital/aire-acondicionado/184945996/d","Flat","Attic",2300,"España","Ciutat Vella ","El Mercat","46001"," Valencia Capital","Valencia"," Valencia Capital",NA,"Valencia, Zona de ","Comunitat Valenciana","Valencia","El Mercat",39.4764615194124,-0.378899932868106,1,125,1,NA,32
"30",184832415,"https://www.fotocasa.es/es/alquiler/vivienda/valencia-capital/amueblado/184832415/d","Flat","Flat",1100,"España","Ciutat Vella ","El Mercat","46001"," Valencia Capital","Valencia"," Valencia Capital",NA,"Valencia, Zona de ","Comunitat Valenciana","Valencia","El Mercat",39.4750152,-0.3803075,1,67,1,NA,32
"31",184737014,"https://www.fotocasa.es/es/alquiler/vivienda/valencia-capital/aire-acondicionado-calefaccion-television/184737014/d","Flat","Flat",1300,"España","Ciutat Vella ","El Mercat","46001"," Valencia Capital","Valencia"," Valencia Capital",NA,"Valencia, Zona de ","Comunitat Valenciana","Valencia","El Mercat",39.4735320857876,-0.3774535183366,NA,39,NA,NA,NA
"32",184737017,"https://www.fotocasa.es/es/alquiler/vivienda/valencia-capital/aire-acondicionado-calefaccion-television/184737017/d","Flat","Flat",1400,"España","Ciutat Vella ","El Mercat","46001"," Valencia Capital","Valencia"," Valencia Capital",NA,"Valencia, Zona de ","Comunitat Valenciana","Valencia","El Mercat",39.4734842133079,-0.377327292511057,NA,44,NA,NA,NA
"33",184758151,"https://www.fotocasa.es/es/alquiler/vivienda/valencia-capital/aire-acondicionado-calefaccion-trastero-ascensor-amueblado/184758151/d","Flat","Flat",1250,"España","Ciutat Vella ","El Mercat","46001"," Valencia Capital","Valencia"," Valencia Capital",NA,"Valencia, Zona de ","Comunitat Valenciana","Valencia","El Mercat",39.4701880908973,-0.378879613698233,1,65,1,13,32
"34",184738031,"https://www.fotocasa.es/es/alquiler/vivienda/valencia-capital/aire-acondicionado-television/184738031/d","Flat","Flat",1780,"España","Ciutat Vella ","El Mercat","46001"," Valencia Capital","Valencia"," Valencia Capital",NA,"Valencia, Zona de ","Comunitat Valenciana","Valencia","El Mercat",39.4741125703906,-0.377946234212295,1,75,NA,NA,NA
"35",184497557,"https://www.fotocasa.es/es/alquiler/vivienda/valencia-capital/aire-acondicionado-calefaccion-amueblado-se-aceptan-mascotas-internet/184497557/d","Flat","Apartment",1100,"España","Ciutat Vella ","El Mercat","46001"," Valencia Capital","Valencia"," Valencia Capital",NA,"Valencia, Zona de ","Comunitat Valenciana","Valencia","El Mercat",39.4723476807415,-0.378136238197124,1,1,1,NA,NA
"36",183193558,"https://www.fotocasa.es/es/alquiler/vivienda/valencia-capital/aire-acondicionado-amueblado-internet/183193558/d","Flat","Apartment",2050,"España","Ciutat Vella ","El Mercat","46001"," Valencia Capital","Valencia"," Valencia Capital",NA,"Valencia, Zona de ","Comunitat Valenciana","Valencia","El Mercat",39.4728432068562,-0.379040592739472,1,90,1,NA,NA
"37",183193222,"https://www.fotocasa.es/es/alquiler/vivienda/valencia-capital/aire-acondicionado-amueblado-internet/183193222/d","Flat","Study",1600,"España","Ciutat Vella ","El Mercat","46001"," Valencia Capital","Valencia"," Valencia Capital",NA,"Valencia, Zona de ","Comunitat Valenciana","Valencia","El Mercat",39.4738306033161,-0.375954434227585,NA,44,1,NA,NA
"38",183193220,"https://www.fotocasa.es/es/alquiler/vivienda/valencia-capital/aire-acondicionado-amueblado-internet/183193220/d","Flat","Study",1600,"España","Ciutat Vella ","El Mercat","46001"," Valencia Capital","Valencia"," Valencia Capital",NA,"Valencia, Zona de ","Comunitat Valenciana","Valencia","El Mercat",39.4722818452844,-0.377044257210028,NA,39,1,NA,NA
"39",183193017,"https://www.fotocasa.es/es/alquiler/vivienda/valencia-capital/aire-acondicionado-amueblado-internet/183193017/d","Flat","Apartment",1450,"España","Ciutat Vella ","El Mercat","46001"," Valencia Capital","Valencia"," Valencia Capital",NA,"Valencia, Zona de ","Comunitat Valenciana","Valencia","El Mercat",39.4719323921481,-0.378112705585272,1,90,1,NA,NA
"40",183193224,"https://www.fotocasa.es/es/alquiler/vivienda/valencia-capital/aire-acondicionado-amueblado-internet/183193224/d","Flat","Study",1600,"España","Ciutat Vella ","El Mercat","46001"," Valencia Capital","Valencia"," Valencia Capital",NA,"Valencia, Zona de ","Comunitat Valenciana","Valencia","El Mercat",39.4724472966543,-0.378157226624255,NA,44,1,NA,NA
"41",183193014,"https://www.fotocasa.es/es/alquiler/vivienda/valencia-capital/aire-acondicionado-amueblado-internet/183193014/d","Flat","Study",1450,"España","Ciutat Vella ","El Mercat","46001"," Valencia Capital","Valencia"," Valencia Capital",NA,"Valencia, Zona de ","Comunitat Valenciana","Valencia","El Mercat",39.4744273779674,-0.378308202558322,NA,39,1,NA,NA
"42",183193029,"https://www.fotocasa.es/es/alquiler/vivienda/valencia-capital/aire-acondicionado-amueblado-internet/183193029/d","Flat","Study",1450,"España","Ciutat Vella ","El Mercat","46001"," Valencia Capital","Valencia"," Valencia Capital",NA,"Valencia, Zona de ","Comunitat Valenciana","Valencia","El Mercat",39.4745978453233,-0.378255943563673,NA,39,1,NA,NA
"43",178864986,"https://www.fotocasa.es/es/alquiler/vivienda/valencia-capital/aire-acondicionado-calefaccion-amueblado/178864986/d","Flat","Flat",1600,"España","Ciutat Vella ","El Mercat","46001"," Valencia Capital","Valencia"," Valencia Capital",NA,"Valencia, Zona de ","Comunitat Valenciana","Valencia","El Mercat",39.4757222878998,-0.375972308077886,2,75,1,NA,32
"44",184851650,"https://www.fotocasa.es/es/alquiler/vivienda/valencia-capital/aire-acondicionado-calefaccion-television/184851650/d","Flat","Flat",1300,"España","Ciutat Vella ","El Mercat","46001"," Valencia Capital","Valencia"," Valencia Capital",NA,"Valencia, Zona de ","Comunitat Valenciana","Valencia","El Mercat",39.4725107990157,-0.378562796337535,1,55,NA,NA,NA
"45",184797412,"https://www.fotocasa.es/es/alquiler/vivienda/valencia-capital/aire-acondicionado-calefaccion-amueblado-television/184797412/d","Flat","Flat",1399,"España","Ciutat Vella ","El Mercat","46001"," Valencia Capital","Valencia"," Valencia Capital",NA,"Valencia, Zona de ","Comunitat Valenciana","Valencia","El Mercat",39.473468040527,-0.377466342522402,1,44,NA,NA,32
"46",184739031,"https://www.fotocasa.es/es/alquiler/vivienda/valencia-capital/aire-acondicionado-calefaccion-television/184739031/d","Flat","Flat",2772,"España","Ciutat Vella ","El Mercat","46001"," Valencia Capital","Valencia"," Valencia Capital",NA,"Valencia, Zona de ","Comunitat Valenciana","Valencia","El Mercat",39.4743755671204,-0.377617914894773,2,100,NA,NA,32
"47",184737020,"https://www.fotocasa.es/es/alquiler/vivienda/valencia-capital/aire-acondicionado-calefaccion-television/184737020/d","Flat","Flat",1900,"España","Ciutat Vella ","El Mercat","46001"," Valencia Capital","Valencia"," Valencia Capital",NA,"Valencia, Zona de ","Comunitat Valenciana","Valencia","El Mercat",39.4734368408456,-0.377343658967404,NA,60,NA,NA,32
"48",184737018,"https://www.fotocasa.es/es/alquiler/vivienda/valencia-capital/aire-acondicionado-calefaccion-television/184737018/d","Flat","Flat",1700,"España","Ciutat Vella ","El Mercat","46001"," Valencia Capital","Valencia"," Valencia Capital",NA,"Valencia, Zona de ","Comunitat Valenciana","Valencia","El Mercat",39.4734808413507,-0.377404199328317,NA,90,NA,NA,32
"49",184736678,"https://www.fotocasa.es/es/alquiler/vivienda/valencia-capital/aire-acondicionado-calefaccion-television/184736678/d","Flat","Flat",2300,"España","Ciutat Vella ","El Mercat","46001"," Valencia Capital","Valencia"," Valencia Capital",NA,"Valencia, Zona de ","Comunitat Valenciana","Valencia","El Mercat",39.4716926515766,-0.379034818443399,3,68,NA,NA,NA
"50",184797559,"https://www.fotocasa.es/es/alquiler/vivienda/valencia-capital/aire-acondicionado-amueblado-television/184797559/d","Flat","Flat",2000,"España","Ciutat Vella ","El Mercat","46001"," Valencia Capital","Valencia"," Valencia Capital",NA,"Valencia, Zona de ","Comunitat Valenciana","Valencia","El Mercat",39.4720012140925,-0.377744229992666,2,77,NA,NA,32
"51",184738437,"https://www.fotocasa.es/es/alquiler/vivienda/valencia-capital/el-mercat/184738437/d","Flat","Flat",2000,"España","Ciutat Vella ","El Mercat","46001"," Valencia Capital","Valencia"," Valencia Capital",NA,"Valencia, Zona de ","Comunitat Valenciana","Valencia","El Mercat",39.4728146000972,-0.380238346039494,4,100,NA,NA,32
"52",184738435,"https://www.fotocasa.es/es/alquiler/vivienda/valencia-capital/el-mercat/184738435/d","Flat","Flat",2000,"España","Ciutat Vella ","El Mercat","46001"," Valencia Capital","Valencia"," Valencia Capital",NA,"Valencia, Zona de ","Comunitat Valenciana","Valencia","El Mercat",39.4726902347827,-0.38013844638084,5,100,NA,NA,32
"53",177916683,"https://www.fotocasa.es/es/alquiler/vivienda/valencia-capital/aire-acondicionado-calefaccion-terraza-ascensor-amueblado/177916683/d","Flat","Attic",1700,"España","Ciutat Vella ","El Mercat","46001"," Valencia Capital","Valencia"," Valencia Capital",NA,"Valencia, Zona de ","Comunitat Valenciana","Valencia","El Mercat",39.4732073639512,-0.37857712112072,2,80,1,13,32
"54",184981712,"https://www.fotocasa.es/es/alquiler/vivienda/valencia-capital/aire-acondicionado-amueblado-internet/184981712/d","Flat","Apartment",1500,"España","Ciutat Vella ","El Mercat","46001"," Valencia Capital","Valencia"," Valencia Capital",NA,"Valencia, Zona de ","Comunitat Valenciana","Valencia","El Mercat",39.4719373135756,-0.378220825916024,3,1,1,NA,NA
"55",182944511,"https://www.fotocasa.es/es/alquiler/vivienda/valencia-capital/ascensor/182944511/d","Flat","Flat",1600,"España","Ciutat Vella ","El Mercat","46001"," Valencia Capital","Valencia"," Valencia Capital",NA,"Valencia, Zona de ","Comunitat Valenciana","Valencia","El Mercat",39.4721668779004,-0.377533938784346,2,65,1,13,32
"56",183194067,"https://www.fotocasa.es/es/alquiler/vivienda/valencia-capital/aire-acondicionado-calefaccion-ascensor-amueblado-internet/183194067/d","Flat","Apartment",3000,"España","Ciutat Vella ","El Mercat","46001"," Valencia Capital","Valencia"," Valencia Capital",NA,"Valencia, Zona de ","Comunitat Valenciana","Valencia","El Mercat",39.4741060990933,-0.380751481241123,1,1,1,13,NA
"57",184987410,"https://www.fotocasa.es/es/alquiler/vivienda/valencia-capital/ascensor-amueblado/184987410/d","Flat","Flat",975,"España","Ciutat Vella ","El Mercat","46001"," Valencia Capital","Valencia"," Valencia Capital",NA,"Valencia, Zona de ","Comunitat Valenciana","Valencia","El Mercat",39.4723120199884,-0.377308101228689,1,65,1,13,NA
"58",184098064,"https://www.fotocasa.es/es/alquiler/vivienda/valencia-capital/aire-acondicionado-ascensor-amueblado-internet/184098064/d","Flat","Apartment",1200,"España","Ciutat Vella ","El Mercat","46001"," Valencia Capital","Valencia"," Valencia Capital",NA,"Valencia, Zona de ","Comunitat Valenciana","Valencia","El Mercat",39.4737427835013,-0.377198393315412,1,50,1,13,NA
"59",184738880,"https://www.fotocasa.es/es/alquiler/vivienda/valencia-capital/aire-acondicionado-calefaccion-television/184738880/d","Flat","Flat",1300,"España","Ciutat Vella ","El Mercat","46001"," Valencia Capital","Valencia"," Valencia Capital",NA,"Valencia, Zona de ","Comunitat Valenciana","Valencia","El Mercat",39.4723015303007,-0.37845494535051,1,69,NA,NA,NA
"60",178083441,"https://www.fotocasa.es/es/alquiler/vivienda/valencia-capital/aire-acondicionado-calefaccion-terraza-ascensor-no-amueblado/178083441/d","Flat","Flat",2600,"España","Ciutat Vella ","El Mercat","46001"," Valencia Capital","Valencia"," Valencia Capital",NA,"Valencia, Zona de ","Comunitat Valenciana","Valencia","El Mercat",39.4736271268699,-0.380167257875336,5,186,2,13,32
"61",181844550,"https://www.fotocasa.es/es/alquiler/vivienda/valencia-capital/aire-acondicionado-calefaccion-terraza-ascensor/181844550/d","Flat","Flat",1100,"España","Ciutat Vella ","El Mercat","46001"," Valencia Capital","Valencia"," Valencia Capital",NA,"Valencia, Zona de ","Comunitat Valenciana","Valencia","El Mercat",39.4736344875666,-0.376986001354335,1,65,1,13,32
