"","id","url","buildingType","buildingSubtype","rawPrice","address.country","address.district","address.neighborhood","address.zipCode","address.municipality","address.province","address.city","address.cityZone","address.county","address.regionLevel1","address.regionLevel2","address.upperLevel","latitude","longitude","rooms","surface","bathrooms","elevator","balcony"
"1",184741256,"https://www.fotocasa.es/es/alquiler/vivienda/valencia-capital/aire-acondicionado-calefaccion-terraza-ascensor-amueblado/184741256/d","Flat","Flat",1700,"España","Ciutat Vella ","El Pilar","46001"," Valencia Capital","Valencia"," Valencia Capital",NA,"Valencia, Zona de ","Comunitat Valenciana","Valencia","El Pilar",39.4755014993993,-0.382512007824733,1,64,1,13,NA
"2",185010678,"https://www.fotocasa.es/es/alquiler/vivienda/valencia-capital/aire-acondicionado-calefaccion-zona-comunitaria-ascensor-amueblado-parking-television-internet-piscina/185010678/d","Flat","Apartment",900,"España","Ciutat Vella ","El Pilar","46001"," Valencia Capital","Valencia"," Valencia Capital",NA,"Valencia, Zona de ","Comunitat Valenciana","Valencia","El Pilar",39.4743194635917,-0.381399647863864,1,50,1,13,NA
"3",177877353,"https://www.fotocasa.es/es/alquiler/vivienda/valencia-capital/aire-acondicionado-calefaccion-terraza-ascensor-amueblado/177877353/d","Flat","Attic",1350,"España","Ciutat Vella ","El Pilar","46001"," Valencia Capital","Valencia"," Valencia Capital",NA,"Valencia, Zona de ","Comunitat Valenciana","Valencia","El Pilar",39.4714456,-0.3809233,1,65,1,13,NA
"4",185119551,"https://www.fotocasa.es/es/alquiler/vivienda/valencia-capital/el-pilar/185119551/d","Flat","Flat",2800,"España","Ciutat Vella ","El Pilar","46001"," Valencia Capital","Valencia"," Valencia Capital",NA,"Valencia, Zona de ","Comunitat Valenciana","Valencia","El Pilar",39.4728776,-0.3812108,2,98,2,NA,NA
"5",183912113,"https://www.fotocasa.es/es/alquiler/vivienda/valencia-capital/calefaccion-amueblado/183912113/d","Flat","Flat",NA,"España","Ciutat Vella ","El Pilar","46001"," Valencia Capital","Valencia"," Valencia Capital",NA,"Valencia, Zona de ","Comunitat Valenciana","Valencia","El Pilar",39.4757492,-0.3825802,1,120,2,NA,NA
"6",185156177,"https://www.fotocasa.es/es/alquiler/vivienda/valencia-capital/aire-acondicionado-calefaccion-terraza-ascensor-amueblado-television/185156177/d","Flat","Flat",2400,"España","Ciutat Vella ","El Pilar","46001"," Valencia Capital","Valencia"," Valencia Capital",NA,"Valencia, Zona de ","Comunitat Valenciana","Valencia","El Pilar",39.4747800684781,-0.381974379321928,4,77,1,13,NA
"7",185154751,"https://www.fotocasa.es/es/alquiler/vivienda/valencia-capital/aire-acondicionado-amueblado-television-internet/185154751/d","Flat","Flat",1100,"España","Ciutat Vella ","El Pilar","46001"," Valencia Capital","Valencia"," Valencia Capital",NA,"Valencia, Zona de ","Comunitat Valenciana","Valencia","El Pilar",39.4754899,-0.3820845,1,30,1,NA,32
"8",184507431,"https://www.fotocasa.es/es/alquiler/vivienda/valencia-capital/aire-acondicionado-calefaccion-terraza-patio-amueblado/184507431/d","Flat","Flat",2900,"España","Ciutat Vella ","El Pilar","46001"," Valencia Capital","Valencia"," Valencia Capital",NA,"Valencia, Zona de ","Comunitat Valenciana","Valencia","El Pilar",39.4728593,-0.3814015,2,110,2,NA,32
"9",184965444,"https://www.fotocasa.es/es/alquiler/vivienda/valencia-capital/aire-acondicionado-calefaccion-terraza-ascensor-amueblado/184965444/d","Flat","Attic",1600,"España","Ciutat Vella ","El Pilar","46001"," Valencia Capital","Valencia"," Valencia Capital",NA,"Valencia, Zona de ","Comunitat Valenciana","Valencia","El Pilar",39.4743196401839,-0.383831051610856,1,75,1,13,32
"10",182821290,"https://www.fotocasa.es/es/alquiler/vivienda/valencia-capital/terraza-television/182821290/d","Flat","Flat",1350,"España","Ciutat Vella ","El Pilar","46001"," Valencia Capital","Valencia"," Valencia Capital",NA,"Valencia, Zona de ","Comunitat Valenciana","Valencia","El Pilar",39.4718546453435,-0.381620175527461,2,83,1,NA,32
"11",183931351,"https://www.fotocasa.es/es/alquiler/vivienda/valencia-capital/aire-acondicionado-calefaccion-jardin-terraza-ascensor-amueblado-se-aceptan-mascotas/183931351/d","Flat","Flat",6000,"España","Ciutat Vella ","El Pilar","46001"," Valencia Capital","Valencia"," Valencia Capital",NA,"Valencia, Zona de ","Comunitat Valenciana","Valencia","El Pilar",39.4761931244908,-0.381747849298896,5,400,4,13,32
"12",183936035,"https://www.fotocasa.es/es/alquiler/vivienda/valencia-capital/calefaccion-parking-ascensor/183936035/d","Flat","Flat",6000,"España","Ciutat Vella ","El Pilar","46001"," Valencia Capital","Valencia"," Valencia Capital",NA,"Valencia, Zona de ","Comunitat Valenciana","Valencia","El Pilar",39.4762975498176,-0.381583537132728,5,400,3,13,32
"13",183256994,"https://www.fotocasa.es/es/alquiler/vivienda/valencia-capital/aire-acondicionado-calefaccion-amueblado-television-internet/183256994/d","Flat","Apartment",1195,"España","Ciutat Vella ","El Pilar","46001"," Valencia Capital","Valencia"," Valencia Capital",NA,"Valencia, Zona de ","Comunitat Valenciana","Valencia","El Pilar",39.4711648445753,-0.381144299990123,1,62,1,NA,32
"14",183314423,"https://www.fotocasa.es/es/alquiler/vivienda/valencia-capital/aire-acondicionado-calefaccion-ascensor-amueblado/183314423/d","Flat","Flat",1200,"España","Ciutat Vella ","El Pilar","46001"," Valencia Capital","Valencia"," Valencia Capital",NA,"Valencia, Zona de ","Comunitat Valenciana","Valencia","El Pilar",39.472738,-0.3814015,1,50,1,13,32
"15",184285139,"https://www.fotocasa.es/es/alquiler/vivienda/valencia-capital/aire-acondicionado-calefaccion-ascensor-amueblado-television/184285139/d","Flat","Flat",1500,"España","Ciutat Vella ","El Pilar","46001"," Valencia Capital","Valencia"," Valencia Capital",NA,"Valencia, Zona de ","Comunitat Valenciana","Valencia","El Pilar",39.4713881,-0.3799484,2,80,1,13,NA
"16",184323085,"https://www.fotocasa.es/es/alquiler/vivienda/valencia-capital/aire-acondicionado-calefaccion-terraza-ascensor-amueblado-se-aceptan-mascotas/184323085/d","Flat","Flat",1800,"España","Ciutat Vella ","El Pilar","46001"," Valencia Capital","Valencia"," Valencia Capital",NA,"Valencia, Zona de ","Comunitat Valenciana","Valencia","El Pilar",39.4708980784418,-0.381660724467617,2,95,1,13,32
"17",184685881,"https://www.fotocasa.es/es/alquiler/vivienda/valencia-capital/aire-acondicionado-calefaccion-ascensor-television/184685881/d","Flat","Flat",1300,"España","Ciutat Vella ","El Pilar","46001"," Valencia Capital","Valencia"," Valencia Capital",NA,"Valencia, Zona de ","Comunitat Valenciana","Valencia","El Pilar",39.4718882115352,-0.383050407454325,1,44,NA,13,32
"18",183762522,"https://www.fotocasa.es/es/alquiler/vivienda/valencia-capital/aire-acondicionado-calefaccion-terraza-ascensor-amueblado/183762522/d","Flat","Attic",2100,"España","Ciutat Vella ","El Pilar","46001"," Valencia Capital","Valencia"," Valencia Capital",NA,"Valencia, Zona de ","Comunitat Valenciana","Valencia","El Pilar",39.4754494179572,-0.382481532079694,1,64,1,13,32
"19",182241579,"https://www.fotocasa.es/es/alquiler/vivienda/valencia-capital/aire-acondicionado-calefaccion-amueblado/182241579/d","Flat","Loft",2000,"España","Ciutat Vella ","El Pilar","46001"," Valencia Capital","Valencia"," Valencia Capital",NA,"Valencia, Zona de ","Comunitat Valenciana","Valencia","El Pilar",39.4758126808037,-0.382331568479217,1,60,1,NA,NA
"20",185035807,"https://www.fotocasa.es/es/alquiler/vivienda/valencia-capital/aire-acondicionado-calefaccion-ascensor-amueblado-se-aceptan-mascotas/185035807/d","Flat","Apartment",1500,"España","Ciutat Vella ","El Pilar","46001"," Valencia Capital","Valencia"," Valencia Capital",NA,"Valencia, Zona de ","Comunitat Valenciana","Valencia","El Pilar",39.4734245858225,-0.38223869412399,2,60,1,13,32
"21",178941342,"https://www.fotocasa.es/es/alquiler/vivienda/valencia-capital/aire-acondicionado-calefaccion-trastero-ascensor/178941342/d","Flat","Apartment",1700,"España","Ciutat Vella ","El Pilar","46001"," Valencia Capital","Valencia"," Valencia Capital",NA,"Valencia, Zona de ","Comunitat Valenciana","Valencia","El Pilar",39.471113,-0.3827378,4,125,2,13,NA
"22",184961665,"https://www.fotocasa.es/es/alquiler/vivienda/valencia-capital/aire-acondicionado-calefaccion-terraza-ascensor-se-aceptan-mascotas/184961665/d","Flat","Apartment",1600,"España","Ciutat Vella ","El Pilar","46001"," Valencia Capital","Valencia"," Valencia Capital",NA,"Valencia, Zona de ","Comunitat Valenciana","Valencia","El Pilar",39.4729620335362,-0.38403286012359,1,70,1,13,NA
"23",184128189,"https://www.fotocasa.es/es/alquiler/vivienda/valencia-capital/aire-acondicionado-terraza-ascensor/184128189/d","Flat","Flat",1500,"España","Ciutat Vella ","El Pilar","46001"," Valencia Capital","Valencia"," Valencia Capital",NA,"Valencia, Zona de ","Comunitat Valenciana","Valencia","El Pilar",39.4752142693126,-0.382638520222269,1,87,1,13,32
"24",184298921,"https://www.fotocasa.es/es/alquiler/vivienda/valencia-capital/aire-acondicionado-calefaccion-terraza-ascensor/184298921/d","Flat","Flat",1500,"España","Ciutat Vella ","El Pilar","46001"," Valencia Capital","Valencia"," Valencia Capital",NA,"Valencia, Zona de ","Comunitat Valenciana","Valencia","El Pilar",39.4717557956245,-0.380213348636794,2,90,1,13,NA
"25",184708686,"https://www.fotocasa.es/es/alquiler/vivienda/valencia-capital/aire-acondicionado-calefaccion-terraza-ascensor-se-aceptan-mascotas/184708686/d","Flat","Apartment",1000,"España","Ciutat Vella ","El Pilar","46001"," Valencia Capital","Valencia"," Valencia Capital",NA,"Valencia, Zona de ","Comunitat Valenciana","Valencia","El Pilar",39.4754071403804,-0.383781243945617,1,45,1,13,NA
"26",160829940,"https://www.fotocasa.es/es/alquiler/vivienda/valencia-capital/aire-acondicionado-calefaccion-terraza-ascensor-amueblado-television-se-aceptan-mascotas-internet/160829940/d","Flat","Apartment",1195,"España","Ciutat Vella ","El Pilar","46001"," Valencia Capital","Valencia"," Valencia Capital",NA,"Valencia, Zona de ","Comunitat Valenciana","Valencia","El Pilar",39.4746172801174,-0.381507394542238,NA,65,1,13,32
"27",184929331,"https://www.fotocasa.es/es/alquiler/vivienda/valencia-capital/aire-acondicionado-calefaccion-ascensor/184929331/d","Flat","Duplex",1200,"España","Ciutat Vella ","El Pilar","46001"," Valencia Capital","Valencia"," Valencia Capital",NA,"Valencia, Zona de ","Comunitat Valenciana","Valencia","El Pilar",39.4748241241866,-0.382233558129112,2,111,1,13,NA
"28",183160600,"https://www.fotocasa.es/es/alquiler/vivienda/valencia-capital/aire-acondicionado-calefaccion-ascensor-amueblado/183160600/d","Flat","Flat",1400,"España","Ciutat Vella ","El Pilar","46001"," Valencia Capital","Valencia"," Valencia Capital",NA,"Valencia, Zona de ","Comunitat Valenciana","Valencia","El Pilar",39.4729035286568,-0.381656548420452,3,71,2,13,NA
"29",183524488,"https://www.fotocasa.es/es/alquiler/vivienda/valencia-capital/aire-acondicionado-calefaccion-terraza-amueblado/183524488/d","Flat","Flat",1300,"España","Ciutat Vella ","El Pilar","46001"," Valencia Capital","Valencia"," Valencia Capital",NA,"Valencia, Zona de ","Comunitat Valenciana","Valencia","El Pilar",39.4721831208166,-0.381301951973316,2,90,2,NA,NA
"30",185160211,"https://www.fotocasa.es/es/alquiler/vivienda/valencia-capital/amueblado-internet/185160211/d","Flat","Study",1400,"España","Ciutat Vella ","El Pilar","46001"," Valencia Capital","Valencia"," Valencia Capital",NA,"Valencia, Zona de ","Comunitat Valenciana","Valencia","El Pilar",39.4712014971155,-0.383808646734354,NA,39,1,NA,NA
"31",184847045,"https://www.fotocasa.es/es/alquiler/vivienda/valencia-capital/aire-acondicionado-se-aceptan-mascotas/184847045/d","Flat","Apartment",1500,"España","Ciutat Vella ","El Pilar","46001"," Valencia Capital","Valencia"," Valencia Capital",NA,"Valencia, Zona de ","Comunitat Valenciana","Valencia","El Pilar",39.4744933616912,-0.381860091701823,2,70,1,NA,32
"32",184059479,"https://www.fotocasa.es/es/alquiler/vivienda/valencia-capital/el-pilar/184059479/d","Flat","Flat",1650,"España","Ciutat Vella ","El Pilar","46001"," Valencia Capital","Valencia"," Valencia Capital",NA,"Valencia, Zona de ","Comunitat Valenciana","Valencia","El Pilar",39.474786,-0.3816667,3,65,1,NA,NA
"33",184220793,"https://www.fotocasa.es/es/alquiler/vivienda/valencia-capital/el-pilar/184220793/d","Flat","Flat",1150,"España","Ciutat Vella ","El Pilar","46001"," Valencia Capital","Valencia"," Valencia Capital",NA,"Valencia, Zona de ","Comunitat Valenciana","Valencia","El Pilar",39.474786,-0.3816667,3,70,1,NA,NA
"34",185111398,"https://www.fotocasa.es/es/alquiler/vivienda/valencia-capital/aire-acondicionado-calefaccion-television/185111398/d","Flat","Flat",950,"España","Ciutat Vella ","El Pilar","46001"," Valencia Capital","Valencia"," Valencia Capital",NA,"Valencia, Zona de ","Comunitat Valenciana","Valencia","El Pilar",39.4756565756288,-0.383710894156231,1,45,NA,NA,NA
"35",184528692,"https://www.fotocasa.es/es/alquiler/vivienda/valencia-capital/aire-acondicionado-calefaccion-ascensor-amueblado/184528692/d","Flat","Flat",2100,"España","Ciutat Vella ","El Pilar","46001"," Valencia Capital","Valencia"," Valencia Capital",NA,"Valencia, Zona de ","Comunitat Valenciana","Valencia","El Pilar",39.4745836067196,-0.384403334321113,3,120,2,13,32
"36",183339819,"https://www.fotocasa.es/es/alquiler/vivienda/valencia-capital/aire-acondicionado-parking-trastero-ascensor-patio/183339819/d","Flat","Apartment",4300,"España","Ciutat Vella ","El Pilar","46001"," Valencia Capital","Valencia"," Valencia Capital",NA,"Valencia, Zona de ","Comunitat Valenciana","Valencia","El Pilar",39.4736447506108,-0.381618280243353,4,240,4,13,32
"37",184737603,"https://www.fotocasa.es/es/alquiler/vivienda/valencia-capital/television-se-aceptan-mascotas/184737603/d","Flat","Flat",1600,"España","Ciutat Vella ","El Pilar","46001"," Valencia Capital","Valencia"," Valencia Capital",NA,"Valencia, Zona de ","Comunitat Valenciana","Valencia","El Pilar",39.472716815512,-0.381156369096972,1,80,NA,NA,32
"38",183834160,"https://www.fotocasa.es/es/alquiler/vivienda/valencia-capital/aire-acondicionado-calefaccion-amueblado/183834160/d","Flat","Flat",1250,"España","Ciutat Vella ","El Pilar","46001"," Valencia Capital","Valencia"," Valencia Capital",NA,"Valencia, Zona de ","Comunitat Valenciana","Valencia","El Pilar",39.4717328184273,-0.383067435512291,2,65,1,NA,32
"39",182794653,"https://www.fotocasa.es/es/alquiler/vivienda/valencia-capital/el-pilar/182794653/d","Flat","Flat",1300,"España","Ciutat Vella ","El Pilar","46001"," Valencia Capital","Valencia"," Valencia Capital",NA,"Valencia, Zona de ","Comunitat Valenciana","Valencia","El Pilar",39.4699851597687,-0.383944562355503,2,83,1,NA,NA
"40",184081372,"https://www.fotocasa.es/es/alquiler/vivienda/valencia-capital/amueblado/184081372/d","Flat","Flat",1400,"España","Ciutat Vella ","El Pilar","46001"," Valencia Capital","Valencia"," Valencia Capital",NA,"Valencia, Zona de ","Comunitat Valenciana","Valencia","El Pilar",39.472053621786,-0.382187154667026,2,55,1,NA,NA
"41",185127243,"https://www.fotocasa.es/es/alquiler/vivienda/valencia-capital/ascensor/185127243/d","Flat","Flat",1390,"España","Ciutat Vella ","El Pilar","46001"," Valencia Capital","Valencia"," Valencia Capital",NA,"Valencia, Zona de ","Comunitat Valenciana","Valencia","El Pilar",39.4724967550049,-0.383116811719707,3,95,1,13,NA
"42",183527326,"https://www.fotocasa.es/es/alquiler/vivienda/valencia-capital/aire-acondicionado-calefaccion-terraza-trastero-ascensor-amueblado-television-internet/183527326/d","Flat","Flat",6000,"España","Ciutat Vella ","El Pilar","46001"," Valencia Capital","Valencia"," Valencia Capital",NA,"Valencia, Zona de ","Comunitat Valenciana","Valencia","El Pilar",39.4761271,-0.3815826,6,390,3,13,NA
"43",184673411,"https://www.fotocasa.es/es/alquiler/vivienda/valencia-capital/aire-acondicionado-ascensor-amueblado/184673411/d","Flat","Apartment",1100,"España","Ciutat Vella ","El Pilar","46001"," Valencia Capital","Valencia"," Valencia Capital",NA,"Valencia, Zona de ","Comunitat Valenciana","Valencia","El Pilar",39.4736538123336,-0.381333874841381,1,50,1,13,NA
"44",184739614,"https://www.fotocasa.es/es/alquiler/vivienda/valencia-capital/aire-acondicionado-calefaccion-television/184739614/d","Flat","Flat",1300,"España","Ciutat Vella ","El Pilar","46001"," Valencia Capital","Valencia"," Valencia Capital",NA,"Valencia, Zona de ","Comunitat Valenciana","Valencia","El Pilar",39.4717997019621,-0.383002525596546,1,55,NA,NA,NA
"45",183859208,"https://www.fotocasa.es/es/alquiler/vivienda/valencia-capital/calefaccion-amueblado-television/183859208/d","Flat","Flat",1700,"España","Ciutat Vella ","El Pilar","46001"," Valencia Capital","Valencia"," Valencia Capital",NA,"Valencia, Zona de ","Comunitat Valenciana","Valencia","El Pilar",39.4757442,-0.3811528,6,200,2,NA,32
"46",185114511,"https://www.fotocasa.es/es/alquiler/vivienda/valencia-capital/aire-acondicionado-calefaccion/185114511/d","Flat","Flat",1200,"España","Ciutat Vella ","El Pilar","46001"," Valencia Capital","Valencia"," Valencia Capital",NA,"Valencia, Zona de ","Comunitat Valenciana","Valencia","El Pilar",39.4772321224429,-0.380467773643012,1,50,1,NA,NA
"47",183389954,"https://www.fotocasa.es/es/alquiler/vivienda/valencia-capital/aire-acondicionado-calefaccion-trastero-ascensor-amueblado/183389954/d","Flat","Flat",1500,"España","Ciutat Vella ","El Pilar","46001"," Valencia Capital","Valencia"," Valencia Capital",NA,"Valencia, Zona de ","Comunitat Valenciana","Valencia","El Pilar",39.4746235275837,-0.384748254991672,3,180,2,13,32
"48",178878736,"https://www.fotocasa.es/es/alquiler/vivienda/valencia-capital/aire-acondicionado-calefaccion-ascensor-amueblado/178878736/d","Flat","Flat",1000,"España","Ciutat Vella ","El Pilar","46001"," Valencia Capital","Valencia"," Valencia Capital",NA,"Valencia, Zona de ","Comunitat Valenciana","Valencia","El Pilar",39.4741840607159,-0.381814212423632,1,65,1,13,NA
"49",179621156,"https://www.fotocasa.es/es/alquiler/vivienda/valencia-capital/aire-acondicionado-calefaccion-ascensor-amueblado/179621156/d","Flat","Flat",1200,"España","Ciutat Vella ","El Pilar","46001"," Valencia Capital","Valencia"," Valencia Capital",NA,"Valencia, Zona de ","Comunitat Valenciana","Valencia","El Pilar",39.4732212160744,-0.38116168286987,3,100,2,13,NA
"50",184735513,"https://www.fotocasa.es/es/alquiler/vivienda/valencia-capital/aire-acondicionado-calefaccion-television/184735513/d","Flat","Flat",2750,"España","Ciutat Vella ","El Pilar","46001"," Valencia Capital","Valencia"," Valencia Capital",NA,"Valencia, Zona de ","Comunitat Valenciana","Valencia","El Pilar",39.4726569300834,-0.382814598753537,1,106,NA,NA,NA
"51",179115927,"https://www.fotocasa.es/es/alquiler/vivienda/valencia-capital/aire-acondicionado-calefaccion-amueblado/179115927/d","Flat","Flat",1300,"España","Ciutat Vella ","El Pilar","46001"," Valencia Capital","Valencia"," Valencia Capital",NA,"Valencia, Zona de ","Comunitat Valenciana","Valencia","El Pilar",39.4752132707123,-0.383635855301232,1,85,1,NA,NA
"52",184736834,"https://www.fotocasa.es/es/alquiler/vivienda/valencia-capital/aire-acondicionado-television/184736834/d","Flat","Flat",1800,"España","Ciutat Vella ","El Pilar","46001"," Valencia Capital","Valencia"," Valencia Capital",NA,"Valencia, Zona de ","Comunitat Valenciana","Valencia","El Pilar",39.4732395295651,-0.381050517333696,3,105,NA,NA,NA
"53",185124253,"https://www.fotocasa.es/es/alquiler/vivienda/valencia-capital/aire-acondicionado-calefaccion-ascensor-amueblado-television-internet/185124253/d","Flat","Flat",880,"España","Ciutat Vella ","El Pilar","46001"," Valencia Capital","Valencia"," Valencia Capital",NA,"Valencia, Zona de ","Comunitat Valenciana","Valencia","El Pilar",39.4726082,-0.3822905,1,50,1,13,32
"54",184475614,"https://www.fotocasa.es/es/alquiler/vivienda/valencia-capital/aire-acondicionado-ascensor-amueblado-television/184475614/d","Flat","Flat",1050,"España","Ciutat Vella ","El Pilar","46001"," Valencia Capital","Valencia"," Valencia Capital",NA,"Valencia, Zona de ","Comunitat Valenciana","Valencia","El Pilar",39.4714166,-0.3825218,2,45,1,13,32
